"uuid","magical_power","level","networth"
"000113304a8f44b78667a1957e4a70b4",350,58.77,"1,028,653,338.86"
"00018c3cfc5e4dc6869cdfd13195a014",324,137.81,"1,767,386,073.05"
"0001faf5d27b4282b07f71f87339e336",901,262.39,"7,719,116,835.92"
"00021dd2785a4ed2a10e65d12d5875a6",1666,354.8,"127,612,036,676.92"
"000390850a644fa2af881d3ff1e38f0e",1346,285.82,"13,510,516,714.91"
"00071d88154f4f1cb2126b90e75409e2",588,114.34,"925,859,845.15"
"0008121eab7242e2bff6139777ce882d",366,135.68,"444,197,912.15"
"000a63efdea14de0b37f464c74ad6d8d",1055,322.6,"13,499,374,657.89"
"000c4f24ae134b37aec8c828732a8b08",982,240.33,"7,959,525,178.08"
"000d6c5cd7144506879f231486bcfbb9",1005,326.38,"22,188,229,503.31"
"0010b2cfdc6d4bb6bfedb334321fcaa5",233,129.81,"188,967,422.02"
"001367e697eb4920b688d466166468f3",339,197.14,"9,112,125,732.50"
"0014eae4fc774d5b9a510687e9c6c937",114,63.06,"165,105,798.47"
"0015cd6fc7a7409abd766d4c71697b4a",961,238.86,"2,096,486,292.60"
"0016adcc3d484850b1a3ee5ca1dc38ad",1452,346.25,"28,617,465,917.25"
"00173a691d4b4ede9f3975fada5bcdb2",1028,261.48,"6,515,731,324.93"
"00174aa2da1f454fb888b5e962459683",744,183.26,"4,021,252,785.67"
"001846d8e3184a33b7d3002501264257",732,271.85,"9,022,210,866.90"
"00188ca4eb874191a86b354dd58c6ad3",594,210.28,"1,627,489,866.46"
"001a6b4fdb004a9a9b635f4441add37b",419,171.88,"1,655,299,665.08"
"00220afa9dcb4a56a871731e31787b49",156,43.83,"78,710,509.92"
"00238dd1c2874c84a9de41814d58c6b1",546,237.09,"2,711,237,625.83"
"00268f7fea024a608546f4c4b7754bfc",869,77.78,"4,471,484,371.89"
"00279ed2313e4da2aba7e8a28324134c",1235,264.18,"11,204,089,230.88"
"002968b3c7cd4558b0bd8e60df2acf75",1010,264.26,"11,000,512,037.06"
"002b9fc0a92a43168b7e2d54ebea41e4",1691,463.2,"63,507,689,985.16"
"002e1c99afa74db4a317970731bc14f6",1492,350.15,"23,542,772,894.38"
"002f17b82f984ea896d0c84549040211",15,7.92,"207,625.95"
"0033528536d0421eb7be5c3ba02a9d33",575,204.46,"1,829,116,055.65"
"00336fa52a9e47eda43ad95f3c37db70",1564,371.43,"50,859,536,897.70"
"00340600eb9a449eb36ee900e644f4bd",649,186.1,"1,924,106,348.42"
"0034063fe930415aaa1907af627a73e1",639,201.62,"906,045,102.12"
"0034f9b670e54e8fbca6a3499226b69f",1173,208.92,"8,655,465,617.01"
"00397dd941d54ba3bf7af40cc5772426",616,195.28,"1,275,793,170.03"
"003cd96e57d748e293d63d4800cb0266",179,42.3,"528,733,843.94"
"0042b25fc63b44e2a3215c0133ca19a8",1368,232.51,"20,335,199,597.26"
"0045eb73afd945608a82de14f5608cf3",1612,354.05,"60,912,539,770.18"
"0046565c780c4453be21eb3ad58dbfb6",604,171.09,"3,355,846,421.50"
"004c2bc4ab944533bad859b08662e58a",873,276.48,"8,602,662,996.06"
"004dad30fad64acd9510114a52d033ab",739,260.24,"7,830,002,873.11"
"004df75dd171409e9f0286e622fd9662",729,177.67,"17,349,198,600.50"
"00501d56088c40939950fcaf2fa79f29",936,224.61,"6,671,179,804.60"
"00512fb91a084443bb6f756499a54179",331,121.92,"1,017,391,078.96"
"0054cb2ea004405aa20e113abc66ec6b",759,193.9,"3,756,676,824.47"
"0055a2b0fe534050b46457982731d953",623,140.32,"1,047,812,717.24"
"0058c0d64d004c7e99de1697f6020496",754,283.9,"7,187,236,301.39"
"005b70d79ca249aea3d27edc3ed813e1",646,151.81,"1,900,708,339.39"
"005c14b03d9e4f82b111116cafd57b69",1046,236.98,"7,202,974,240.58"
"005c9ec3b83343d49bafe83e4e9831bc",701,229.13,"5,463,187,230.81"
"005fde7429344d8ab7bea0d0c7bb39ee",1056,259.43,"11,167,833,968.85"
"0060f938b71340758bafa41836dafe4b",1412,360.62,"21,464,248,127.06"
"006175ba4884475a9dcb7e1bb18a23d1",1366,397.96,"18,846,238,887.06"
"0061bcff027e4a0aa6e520c9dde20c56",1663,442.98,"57,590,749,772.50"
"006784b24b014a15b413e99068076c06",452,142.2,"2,815,876,185.00"
"006ce8c4d91f47eea67b912df4903f86",302,145.41,"979,278,577.25"
"006f92285f1f48a381f7007130aa3448",637,163.4,"1,705,689,697.39"
"007259fcc3ab472f89ba50cae8a40c50",634,201.85,"5,623,249,134.07"
"0072f1b4ec684261a8c19c82de1e7dad",665,157.3,"933,204,543.33"
"0073d17503234331885c6a9f592cce78",1094,270.75,"13,539,569,907.56"
"0074d544de9c42cc9a9cb3911fd6885e",1191,266.31,"6,758,452,964.84"
"00771e7e61064c5d89ec05f919fc3506",546,137.96,"696,971,453.70"
"0077f45e0e174dfdadc3962af1b718e7",783,209.03,"4,467,480,386.45"
"0078c15093eb48e597abd29ddd5c818e",657,248.94,"5,934,930,182.77"
"007a599c774d419697e8a0096924c793",1640,433.6,"42,012,348,926.76"
"007ea0abb3c3411998bd33a78995d4b6",77,64.66,"66,725,036.54"
"007f7ce1a5b347a6a814d54f0ca77a80",521,173.84,"1,382,113,213.83"
"00826e0f06414a4aba185a0466d406b1",869,306.52,"12,021,534,557.06"
"00835e36c42a4d398f4dd48f826440b3",579,233.7,"2,186,472,765.31"
"00883cb3d25a4e388c4d0a4df6c4d190",1602,423.65,"59,517,663,088.58"
"0088b8c516074b17a5bdadaa6b7d148c",470,171.92,"1,636,936,258.41"
"008e3e523a1142bca6b8a4cb00c2fb60",1418,231.13,"37,011,032,856.01"
"008f30047b1f4a6b95ab9ce8f42199e8",1434,350.55,"25,910,821,054.33"
"0090aa91ae6d4d87af85b61ba42df6b7",163,55.61,"80,419,771.05"
"0091783c0681440f892cab82cb18cf34",1559,379.54,"43,666,066,343.49"
"0095a7040bb640529081aa2eb5b26822",537,150.12,"1,876,184,118.61"
"009cebc4c29b4d689e2fcf23f778cff3",770,209.76,"5,493,003,840.89"
"009ff248af0a48d08546ddc0281285f4",1073,310.33,"12,783,938,973.07"
"00a0b57b2787444aabbe520a26b67f72",966,208.39,"2,594,353,169.06"
"00a22f8684c444099c978aa0bc4ebb80",826,165.28,"4,154,246,113.85"
"00a2aa362aec41e6a19a4be223f5ffc0",1405,362.58,"19,557,748,587.18"
"00a43e17882b44a6b800074ccd3e5be5",1721,445.43,"55,089,700,674.10"
"00a50c3cb1094f7892bfc8c2afc98b00",1056,282.7,"10,632,457,162.20"
"00a5f18d087b48dbaf666bd87d962299",1503,385.29,"32,812,392,212.53"
"00a96558007f455bbb56f36329c0b6b0",350,110.29,"491,755,458.48"
"00aab6c0cc174ae282e1c66e98e6d942",1121,196.8,"12,472,732,355.89"
"00acbb70627040fcb9d912430b6c5a0c",1484,413.14,"19,230,638,206.97"
"00b04f69fbad437288722c410019f54a",52,13.53,"2,833,035.11"
"00b0a1612f4541b39ba067ae76386c8d",9,31.36,"505,050,619.24"
"00b3c96ca01846ffa025b095be75b3d0",407,98,"214,281,961.14"
"00b3dedab2f34ff1988529e0456f7d3f",1655,444.18,"49,452,247,370.62"
"00b53cda98fa4c52a87fc8851b5935a9",1314,397.31,"22,253,858,929.93"
"00ba29ed7a0344b9a94594032796a322",632,174.88,"1,485,466,536.60"
"00ba58c78f2b41f681413fdd19f91a84",1057,241.11,"6,086,218,160.16"
"00bb8bec6fe94fae8e737e1176d0f5e4",1000,305.5,"6,644,397,430.01"
"00bdb886be934bd8ab05bdc9403804f6",908,304.81,"9,942,491,857.20"
"00be44693bf44fd082160e0584cebd46",547,165.17,"2,025,531,105.23"
"00c3813dd72648a99319443d66febfa7",405,151.77,"1,180,450,019.07"
"00ce802a72db49cf95f352a5f624e032",554,102.98,"2,135,053,875.42"
"00cfb40fcfaf43a287e903c66358efdc",428,79.69,"446,966,545.55"
"00d04d452852453aa35067c2c8002e37",882,241.63,"6,736,374,532.31"
"00d16dc9400f491ba967d36b5e288bec",580,189.84,"3,316,806,734.30"
"00d1ee0d9960402d8dd982f53eda7654",489,147.8,"611,135,071.23"
"00d31889eb6b48f28744a02eaeda4a28",1042,206.57,"9,493,043,092.76"
"00d574cc71eb4b0faf803aadca66eaf7",1727,433.44,"119,158,615,034.69"
"00db6df42ef94063b4c7115f1bd0dc3d",341,120.89,"1,021,743,505.83"
"00dcbb42c4344eabae3ea04e4489df38",286,91.79,"1,097,340,525.08"
"00e01a65705e447bb889599e09bf8cab",334,100.39,"304,506,785.41"
"00e5436c19574be1852b12fc910ce20a",775,228.82,"7,828,212,572.17"
"00e8f332bf334a9f99d0dffe4cbece83",422,216.24,"1,950,407,615.88"
"00e97de558a849b1930b3c3a7f239235",515,232.62,"5,135,746,951.19"
"00e97ea46c744851a4b8254813a340b0",72,34.93,"45,705,601.92"
"00e986d61ef24399bb3e54ccc698483b",949,207.76,"5,309,590,159.79"
"00ecc5e748574af1a967613cef20cc5a",419,180.31,"1,609,626,265.39"
"00f10267ce524f38b2f8e1d41c8a66f5",1739,450.71,"53,328,622,221.38"
"00f1a9197d4545d98d6a0d75d927b306",1475,413.84,"31,363,174,909.59"
"00f2e198b3144cdcbde4c638f9df806f",934,277.31,"11,200,238,156.21"
"00f609316eea45bfa4c8547d5b35d90f",973,314.13,"11,223,683,725.34"
"00f78bf046ba4c3fbc81467cad953103",342,88.21,"412,743,476.04"
"00f8381b3b6a41cb9942419bd0d99885",928,259.19,"10,530,514,724.87"
"00fb83c7828248de8880955f1ed89384",1271,299.72,"37,110,351,265.15"
"00fbd7163ad345d9896f576c7636428e",1003,295.72,"6,994,606,651.42"
"00ff3df4629b4cb582a60ab259b821fb",468,144.27,"1,199,756,995.94"
"00ff72b35e9d474d923e368d275eab42",666,176.74,"2,421,897,564.41"
"00ff7e4c66ff420daa961c57ef7ccf57",506,217.21,"3,612,336,841.78"
"00ff8a5374b244c19dc42387148e06b2",1489,361.21,"27,065,066,060.11"
"01024ae3e2bb4947a58862f29d0cd1ee",368,131.34,"936,191,403.57"
"01027115b5814b5592dde3bf8ced6f15",949,271.6,"6,948,774,087.42"
"0102cf95873b4ca1bd22ee29eed8bbfb",458,144.57,"1,881,695,285.28"
"01040792e556481bab77e39828dc6206",1651,429.06,"53,397,946,468.20"
"0104097d599c4bc4894e320878cdbdb9",1092,368.99,"14,170,940,308.44"
"010b309ce28745529f4fd39cc5e505f8",234,81.5,"715,025,114.35"
"010ce6c092114e308e0495f083cf3799",1407,377.45,"28,676,500,942.09"
"010d775f580342979d59ddb978537727",1387,287.28,"19,674,102,332.41"
"010ef25dc3ec46e08dcbf315236f87ef",857,261.33,"4,988,117,569.46"
"01102f1885304975b142e92f6acf15bd",640,208.03,"2,892,951,310.98"
"0111b7392d9344c49e40cee00d28796c",1259,259.54,"10,886,794,207.75"
"0112959414ab47099212f948e1b3d261",955,246.49,"6,901,028,175.71"
"01139046dbc3410b8d67cba5ce9fc6ed",1433,401.2,"31,132,372,005.35"
"011530d2f71b4506aace4f58ca81663f",663,193.49,"6,735,910,163.48"
"011db2643e60444d9fdd431f6f8d8b9d",515,153.93,"791,264,644.32"
"011f18bb54e64bef8fd17d4aef8cce0e",505,157.35,"1,637,495,335.58"
"011f36587e2a44d5b217b45d864e426e",858,177.01,"5,007,541,988.44"
"011f3ee50084411f81b7d89daa9a5485",736,213.52,"4,934,256,659.69"
"01204d15d56744d097ee08776935e289",1349,328,"25,551,214,330.73"
"0120c221c89a4dcdb85bd64b5b3ab4d8",1479,334.33,"42,442,096,646.95"
"0120c8a941a34ebd88f32a59e56f7b28",1537,337.69,"15,951,391,027.92"
"0122983a3b26490497bc8b2b42491fc4",759,199.21,"3,154,408,349.29"
"012525d7f9ae4a329aa085d39848ab0c",743,306.32,"7,060,482,287.83"
"012777d432074ca888ac4f0545365ed1",494,142.44,"607,107,929.28"
"012c0a617e9647ce85962f851ab82547",1444,378.65,"21,683,347,873.87"
"012f473e0ebb40c19f4f2b2c58a9357a",344,105.51,"684,479,480.22"
"0130b00ca6924077b6fc017d209086da",1068,219.58,"6,216,282,519.35"
"0136b1e28d8e40328e98e40af06705d3",212,95.97,"682,982,590.43"
"013db12137e548aeb845d23e530090cc",1216,246.01,"14,806,651,235.80"
"01407595c56c4e939cac42e2a7767a1f",1641,328.21,"26,013,580,738.82"
"0140dcd274424e20a02303622e2f5d02",828,205.37,"2,642,676,560.05"
"014140bf190945e3a6984cc8f65bd37f",839,292.43,"5,164,411,665.40"
"014147ac34414a6caab3f9f14a0b4b05",975,322.55,"11,298,172,875.09"
"0141e070a0804552a92f4fdda359e38b",176,107.31,"557,761,266.73"
"0143e3609dea49408d4fbb32c4ad7be6",922,224.05,"4,449,384,737.66"
"014485a3feeb4afa9d0201dc5434f03a",1208,346.69,"16,699,230,005.74"
"0145d012414942d0b1df490eb2e22d74",877,318.3,"9,712,367,422.30"
"0149bae556704da7b7da5b2a8a5299dd",637,235.14,"2,930,556,860.70"
"0150455b18f14830b0e06b551d21a3c5",1427,384.12,"22,873,096,564.47"
"0150d830ea9e4f75bf97e35ff3b5f99d",953,269.63,"3,927,555,576.27"
"0153f0464d5d41fcb36db21ccb1535a5",687,267.64,"6,839,415,236.11"
"015490fa151940d98b27884da20ebc1c",913,335.04,"19,906,663,576.15"
"0155d035190349b9a0a2d79a97895be2",1412,313.1,"17,109,332,006.24"
"01572f4b239546c4a5eb64ed9f858c35",1344,292.18,"4,859,075,849.64"
"015942c0db6f43c3b56739aed91936e2",1067,279.52,"9,934,689,665.58"
"015df537c7744c0c97864dea14e9fa2c",91,39.02,"23,471,231.28"
"015e0ae26e6e41ccab2a26c994ccf322",705,227.83,"4,778,237,351.35"
"015e1fb5d8c94303ba962237e67ca4a9",763,171.29,"5,448,537,675.84"
"01648c62fc1449aea2e4ab7ea79b6755",1207,237.01,"13,039,791,967.76"
"016aec1d36604b9bbdfdcff162d2cc99",533,177.43,"3,670,363,481.78"
"016f0ec16a0543358b7c830987068255",668,154.95,"3,395,261,589.09"
"01751686e67f4182883b628fce16911e",1309,267.76,"14,795,647,673.78"
"0175716820c24876a01d09846059f567",816,212.24,"5,614,229,799.17"
"01797ef3c8d6473caebbe1e0ccf25cdb",814,250.44,"5,940,727,504.88"
"0179b37c0902468686b0ff7002631436",893,277.03,"9,368,425,568.65"
"017be0fd1b0a44d7a40e4558c2c86e02",1418,367.61,"24,487,393,800.73"
"017cf2d7627341e19d2e1a589db69c4a",840,277.52,"5,785,729,568.52"
"018103ad7b6a4d41aa47d1aca9deec04",381,115.08,"450,799,174.92"
"018371a4faec4c0d969f34fa794b1bb9",469,135.24,"1,512,943,973.19"
"0185519cb9e745209b1dd2041b03e777",969,325.88,"12,318,595,429.40"
"0186474ec692482d80e152aed119a917",32,48.02,"154,722,522.39"
"0187d05d166b4afe8f8a6f2042f493ec",1255,240.52,"12,795,769,139.91"
"018aaab3b6ad4e83ae3b4198d68b742c",1125,358.7,"13,659,975,650.68"
"018c1bfc85e4468db47da4ab844dafc0",1296,322.05,"11,115,407,326.40"
"018d6afa9ece4e3c9a26406836f99fb0",1026,208.57,"3,573,389,090.38"
"01919dde0c5c49288f5df7c03017c7b7",225,67.52,"741,659,107.24"
"0191b4d93d8c40dea10848898de1f236",535,191.46,"1,605,949,778.53"
"0194f53a883e4d4d83a423977b1492f9",279,100.91,"1,471,716,256.76"
"0195eef8dd7d4b80b1857d666ac67382",558,163.92,"2,839,877,381.05"
"0197cde5f58d402b87816463e7befc03",503,224.83,"4,792,921,889.16"
"019ae74defac4a7cb8f60e034847450e",808,262.88,"4,330,968,269.53"
"019da2d043c0470a96d30f5225508210",537,218.27,"3,178,633,537.94"
"01a412be65a64b349cf7cd26501ac138",689,256.92,"4,757,990,685.50"
"01a46871246d4c09a0d4ba26ff7ac20c",661,208.89,"3,016,135,905.87"
"01a6726cbdbc405f81fd5993591f0f57",244,65.45,"251,359,770.26"
"01abe6b60f9f4de9b93dc6c53e80cb4f",1538,355.13,"44,540,561,113.07"
"01b18ad73b8c4e48853b719f794ea48a",646,208.32,"2,684,920,350.88"
"01b4136397f0432d8e4df23955e697be",1458,286.5,"21,177,751,039.76"
"01b4838c8d9a4a01989419855b80da49",510,188.95,"2,710,662,474.11"
"01b555579c1a4dd981ef320e10972435",1369,336.92,"11,917,862,771.23"
"01b67a4d993c4b019da0843dba4cdf81",124,58.79,"7,144,613,217.01"
"01b80bb584c04aed8edb74ddd1146111",1398,342.03,"13,620,196,105.26"
"01b81bdad28b4bbca487d0c25fa79130",1254,274.85,"14,956,673,629.01"
"01ba18e7b03046aa8c69635d70d857eb",944,307.99,"14,626,461,297.67"
"01bd1ce623734746ab1ad2944c808cb4",1485,349.6,"36,436,676,818.90"
"01bde3ec80f94c3da499b5914c05f406",471,178.05,"2,893,296,533.09"
"01bdeb14678041dfa5f5f927f3a8361b",1103,318.66,"5,800,514,986.42"
"01bdf6c823ca4d8bbf8bdbae5237424a",802,206.81,"7,987,134,674.62"
"01bf3516195a486a838e568e2d0dff9b",1415,344.52,"8,630,925,583.89"
"01c1e24ac7ae4348b99527ae7f537af8",464,163.35,"1,299,024,679.78"
"01c1eaa0517c42cfa5017512e8ed4251",1411,347.54,"23,651,858,607.83"
"01c3af9822664084b4d40a5a73422c30",983,181.96,"5,355,700,951.98"
"01c54ebc280e46879cf15321eb3a9abe",344,129.62,"374,492,583.92"
"01ca11c7cfbc46c58a5185076ec8a9d3",1017,235.42,"11,368,400,971.66"
"01cc26798e324f7a8052398460a9895c",318,91.25,"421,263,405.97"
"01ce0dd9c97142cba533633fdc431a13",695,246.69,"5,906,311,359.88"
"01d0d946c3f746daa1b587b9fee1f1c4",1128,252.89,"4,811,779,474.05"
"01d1c56881a44521ba8de5f77e61f0ee",1359,247.97,"16,962,407,463.22"
"01d51b6f579c4cdaa78d5c17035f6ec2",422,139.81,"1,561,486,364.64"
"01d59bfe16144e94995e693437039d73",715,183.69,"2,428,180,250.37"
"01d744dd01784c5b9c124274044dbf79",644,228.33,"2,678,591,972.27"
"01d86e6d09d446c481b19263d1d93eff",1540,409.89,"30,534,153,469.41"
"01d8855ac51849dcb8e8eafd3a3538f3",1600,359.92,"32,409,746,320.69"
"01db1e1bb2224e1cbd976ad80e50dc26",719,223.79,"3,151,151,309.99"
"01dc6819ccfe475085f418b5d58c2abf",244,96.09,"1,936,347,985.21"
"01dddf98b1be4498aadc8c3d84cbc69d",1371,333.36,"27,899,617,195.01"
"01de1f633c42426ba4c3b72cbc3dde75",1630,433.62,"326,278,411,485.11"
"01dfdba94fbf44ae8adb26a7a49d37f6",1609,436.13,"43,955,450,005.70"
"01e1f34a0a274cc6b3020c88ed7b3bde",461,161.04,"2,013,533,328.38"
"01e324e92c7f4f76b4d6e57f50361d7b",759,266.1,"5,334,941,652.30"
"01e46b180efe40638c56038420dbef94",603,157.66,"1,241,956,325.42"
"01e55cf87c564e34918a0d8e5d7fd37c",386,137.25,"3,861,690,701.50"
"01e635d7904c4d1a8e320531ed248352",629,216.28,"2,286,993,155.63"
"01e8a9510ea54dc786e74840d890d515",1114,345.77,"13,425,267,076.04"
"01e8c7d187fc49e0ad6529deccb0b1a1",662,224.78,"2,586,952,806.85"
"01e96a8109e84ff5ad8995c9dda8d80a",835,231.28,"5,412,239,742.64"
"01eb35ac9046483caa9694ce3b273ab9",964,231.75,"6,344,515,848.17"
"01eb67060334461987fe70875209473d",718,233.35,"5,532,983,819.45"
"01ebb8ea42464ce49d47cf5cfcb86328",1678,416.68,"49,777,970,665.48"
"01f2c48aa0d444f28cda54a2a760ac1e",492,86.17,"1,666,098,628.33"
"01f353f38cc243bd9a8bcd770d716214",1294,371.1,"36,315,124,997.05"
"01f4f03437c540b6b29e452277819a4d",852,229.69,"2,381,696,490.92"
"01f58fc208c948b3960b283cba485b02",453,113.36,"885,405,222.73"
"01f76bbe2907460094091af9b248fb18",730,205.62,"4,575,865,160.52"
"01f9582f02c64e5b8e832fec7c74fd33",701,205.45,"2,604,214,607.45"
"01f9a4de53ff4336b0fbcbeedb29d130",1213,319.91,"15,910,720,910.36"
"01faae43a56a457ebb50b719bf540468",770,271.93,"6,257,659,275.20"
"01faf9e81f2a4632968a213db9f927d9",551,224.56,"4,248,534,407.53"
"01fb225af1064001b5a07144759ed3de",1389,351.83,"18,098,259,095.29"
"01fb433488af4a399b04e0b3619d905e",1326,261.69,"13,114,339,470.82"
"01fb5651e1f94b0bb08d90873fbc8146",451,117.94,"2,427,128,834.09"
"01fdab24fe564a28a964bd857dc6bedb",164,81.86,"392,117,696.25"
"01fe30b78f4d41228d18453f3b1d754a",450,84.97,"707,456,289.76"
"020057dc332e4039a4acdb6344d8d176",1015,259.11,"2,945,144,434.01"
"02013c4760824211990e51d75bef9142",942,262.33,"5,884,487,426.14"
"0202174eaf474602a1de913df91c6f7d",755,294.46,"6,488,108,247.91"
"020986e39c7e442e99a2bc31069228ac",1646,402.1,"39,713,234,563.45"
"020a426d61bb42e88377760574f7e3ab",1428,308.26,"3,553,916,479.17"
"00e3067eb30e4a62b4322e291cf632e1",1322,287.14,"10,988,222,728.18"
"00e48f1c488e44e2ba801d98d7747675",730,184.61,"1,153,588,764.67"
"01d3683a56a64b5581385c5dc0a84be6",1073,329.01,"19,496,687,730.58"
"01d42d72a0194d3a8934af3d6e0f1b24",1271,405.21,"21,282,520,452.40"
"021aa215bb4f43edb17db61d500e50e9",649,254.8,"4,047,584,469.16"
"021bf3b5ec264f1293bf740e271c51f8",465,178.58,"1,608,183,751.19"
"021e724adc66451894578570d55c3a11",1044,269.41,"13,807,890,470.86"
"0220992597ec4293833f76c5f532e1fe",1588,396.02,"46,199,569,654.45"
"0220dff8a1094e18bef1699a405798f6",278,140.47,"665,406,805.96"
"02239b8ce7ea45369f9aee9e2ad4770d",1554,434.05,"11,671,815,725.29"
"0225aa134a5343929351eb65fa51abb3",404,201.61,"5,072,497,988.79"
"022869f860444034993386317a390c8b",1030,246.53,"7,400,686,759.33"
"02288114f2b54e9ea9a92aa0aa406e21",437,182.69,"8,722,606,172.59"
"0228b546feb542508ed978dc8db4163a",744,226.27,"2,813,986,188.23"
"022928e216234704a237c241de9e6e33",1017,184.53,"5,356,031,986.38"
"0229b409850646a49b3c2166da5379e6",1393,376.98,"38,595,624,622.71"
"022c12a44b4e4756854508a20a7d4f14",784,262.35,"4,668,935,614.53"
"022cc47a19fe4d82bfd41830cdfcdb84",1628,387.36,"29,845,569,732.04"
"02339a1e30eb443faaa835de07df1209",1282,350.38,"21,097,609,914.58"
"0233bf8a1eb04f75854d169be431f860",643,139.21,"1,774,455,854.49"
"0235430b5e4d434b8c0c7a5a8289b7fd",215,87.02,"1,457,857,220.14"
"02374ad5f31544cebb76852939e4bc30",664,154.15,"3,816,084,587.76"
"02392780f226416491af7478bd049f86",886,244.64,"8,023,346,851.44"
"0239b67b048545ff95c057d858ef6e06",642,211.83,"2,751,076,310.68"
"02521e8ce57b40a9af7217cb1aae1edb",1638,431.56,"47,221,442,589.16"
"0252e0fe4bb3406b8bbbcf2494d8273b",1396,410.23,"15,848,398,535.66"
"0253f33caad845848c5312713c331d1b",1185,258.8,"6,949,110,670.01"
"0259cded2fb141b8b298754079eff94a",424,127.45,"836,360,115.53"
"025b467030ed423b91e20866616d6df3",648,170.48,"8,280,356,120.52"
"025c6c5731de40d690ef7265daf3f64c",1101,348.59,"19,624,345,845.03"
"025cd88be07f4038be75cba612d9a83c",368,136.17,"3,866,775,647.78"
"025df22dfae04436ba2f5c2ed5c4a6a3",119,64.79,"169,952,554.12"
"025fd0fbdd294d04ad6e008c7750f7e6",1618,331.53,"56,407,684,041.45"
"02622796bc0445d0ad7e301d73f15444",1671,394.82,"21,751,251,772.45"
"0264d5ec219c43abbb9d169acad904c4",624,181.56,"2,476,380,398.37"
"026687737ef64c759c1a1f63c809c835",794,247.26,"5,920,060,671.97"
"02676dadf7e344678ba33771b646c6f7",842,186.51,"2,103,992,787.39"
"026bca53e331481fa3d131d0d2eadad9",1069,320.52,"12,274,037,532.10"
"0270433640be4a30b0bf160376e35ddc",422,105.24,"698,992,230.18"
"02727c626e534d3896be540e7a968932",1099,227.26,"5,815,710,666.94"
"0274f143f72a4ab2aeb88d62d729a9d6",1406,309.91,"27,828,115,005.37"
"027bb29e002142f5a64c2080b589ac3c",743,263.64,"30,141,429,730.25"
"027d8e7ec02048d68017fe4c21f31e9d",1183,309.49,"9,670,523,700.85"
"027f2b44389f46afac11572ab2c1c7be",1214,379.51,"16,512,624,556.74"
"02808d994d3d4eca9ed9eeb82626bda9",1553,410.18,"81,327,673,162.27"
"0282861133aa4e348a234c97a6afca4c",1030,216.62,"2,899,427,325.64"
"02831ff92ad742fc831831dd47e39778",1698,448.41,"44,904,626,191.26"
"0284375dc2494f9ea2713395f91021d3",981,342.78,"6,959,260,965.99"
"0286c0341a934ffdb0b4bfa26fc04b09",1062,303.11,"21,469,041,157.84"
"028a767c0bd54847ac2aec067f2483ee",1516,267.34,"34,970,098,768.75"
"0291ddaef990400ebd6b55ec59115010",791,204.14,"3,215,896,982.68"
"029468f8bf204981b5c2c1f32d1c7346",19,140.35,"839,793,019.99"
"0294a5df77e4400684299030e272a963",167,116.13,"301,948,294.08"
"0295c72f55cb407794661a8254333ecd",1532,395.77,"32,475,791,064.84"
"0297147c27d04624ba5920bf973b5193",686,196.25,"1,576,865,667.25"
"0298d9925d4e42b9b943fc1767917412",209,90.06,"257,700,658.12"
"029a3f364ccc4cf6b7f3b7adb0bb6453",867,204.01,"2,640,581,425.47"
"029a56924cb14c7f844481a3d1a1a381",1391,304.69,"20,489,933,805.64"
"029a9d1fac1b4c05a4a422aad71e948e",1334,344.9,"18,892,015,689.38"
"029ab3484723455caba8283c4ac1b8df",1451,393.69,"25,776,189,880.91"
"029c265019694c9690f23163b37a1f80",1378,365.87,"26,302,702,561.70"
"029c69adc5d34d39aab6776038705d99",781,232.15,"2,099,508,492.42"
"029cd67ec6eb44cd8ab6697c9163a379",202,58.78,"532,437,479.26"
"029d0ab22ae245ae822f10b9eb1f2cbf",367,100.39,"290,454,179.70"
"029d40882804404eb741797ba9c51378",762,172.21,"507,681,488.00"
"02a0e55310384ee1a97cba91cc85a86a",1451,413.14,"24,965,303,800.63"
"02a8617e9eaa4662a1e3b87153354159",1423,320.11,"33,119,365,204.48"
"02a90f33b8424c9d972d84173c252da4",1494,428.46,"31,947,604,616.97"
"02a99a11a569402f84c212531883b0fa",880,320.31,"6,753,772,837.79"
"02a9ca66e14d4bf7a5ab889e2ce276b9",597,158.69,"3,121,874,519.68"
"02aaaed8a9134095baf95dea25aeb8f6",1761,441.77,"66,091,659,670.68"
"02ab950657944e3b860be7589050f87e",992,303.66,"7,714,070,178.93"
"02acd71ce8ce440198786708d37dfcd4",1732,424.39,"52,821,724,901.13"
"02af840b0ffc4e1b97db900005d22f2b",149,42.81,"64,536,268.97"
"02b1617432f845f29f102d5cf1d7cf5b",443,134.81,"700,877,224.09"
"000113304a8f44b78667a1957e4a70b4",350,58.77,"1,028,761,644.63"
"00018c3cfc5e4dc6869cdfd13195a014",324,138.68,"1,806,627,881.31"
"0001faf5d27b4282b07f71f87339e336",901,262.39,"7,781,040,785.69"
"00021dd2785a4ed2a10e65d12d5875a6",1666,354.8,"127,509,847,649.58"
"000390850a644fa2af881d3ff1e38f0e",1346,285.82,"13,539,939,532.59"
"00071d88154f4f1cb2126b90e75409e2",588,114.34,"931,054,633.94"
"0008121eab7242e2bff6139777ce882d",366,135.68,"440,708,426.20"
"000a63efdea14de0b37f464c74ad6d8d",1055,322.6,"13,642,012,125.95"
"000c4f24ae134b37aec8c828732a8b08",985,242.98,"8,178,178,714.96"
"000d6c5cd7144506879f231486bcfbb9",1005,326.38,"23,594,427,540.65"
"01d86e6d09d446c481b19263d1d93eff",1540,410.21,"29,255,932,908.67"
"01d8855ac51849dcb8e8eafd3a3538f3",1600,359.92,"32,369,424,763.55"
"01db1e1bb2224e1cbd976ad80e50dc26",719,223.79,"3,111,376,216.90"
"01dc6819ccfe475085f418b5d58c2abf",244,96.09,"1,940,585,402.83"
"01dddf98b1be4498aadc8c3d84cbc69d",1371,333.36,"27,976,136,012.50"
"01de1f633c42426ba4c3b72cbc3dde75",1630,433.62,"326,328,496,312.91"
"01dfdba94fbf44ae8adb26a7a49d37f6",1609,436.13,"43,915,416,435.22"
"01e1f34a0a274cc6b3020c88ed7b3bde",461,161.04,"2,024,514,755.90"
"01e324e92c7f4f76b4d6e57f50361d7b",759,266.1,"5,335,067,706.82"
"01e46b180efe40638c56038420dbef94",603,157.66,"2,247,979,627.13"
"01e55cf87c564e34918a0d8e5d7fd37c",386,137.25,"3,852,095,052.81"
"01e635d7904c4d1a8e320531ed248352",629,216.28,"2,301,263,284.67"
"01e8a9510ea54dc786e74840d890d515",1114,345.77,"13,280,993,938.43"
"01e8c7d187fc49e0ad6529deccb0b1a1",662,224.78,"2,612,280,028.09"
"01e96a8109e84ff5ad8995c9dda8d80a",835,231.28,"5,461,450,147.33"
"01eb35ac9046483caa9694ce3b273ab9",964,231.75,"6,373,910,566.35"
"01eb67060334461987fe70875209473d",718,233.35,"5,619,012,011.78"
"01ebb8ea42464ce49d47cf5cfcb86328",1678,416.68,"50,191,304,792.45"
"01f2c48aa0d444f28cda54a2a760ac1e",492,86.17,"1,695,034,026.93"
"01f353f38cc243bd9a8bcd770d716214",1294,371.1,"36,244,083,937.42"
"01f4f03437c540b6b29e452277819a4d",852,229.69,"2,412,042,223.44"
"01f58fc208c948b3960b283cba485b02",453,113.36,"884,107,981.56"
"01f76bbe2907460094091af9b248fb18",730,205.82,"4,636,104,667.94"
"01f9582f02c64e5b8e832fec7c74fd33",701,205.45,"2,641,554,330.91"
"01f9a4de53ff4336b0fbcbeedb29d130",1225,320.19,"16,089,686,271.52"
"01faae43a56a457ebb50b719bf540468",770,271.93,"6,279,251,516.69"
"01faf9e81f2a4632968a213db9f927d9",551,224.56,"4,225,828,470.74"
"01fb225af1064001b5a07144759ed3de",1389,351.83,"18,517,346,385.56"
"01fb433488af4a399b04e0b3619d905e",1326,261.69,"13,253,928,606.85"
"01fb5651e1f94b0bb08d90873fbc8146",451,117.94,"2,436,107,709.28"
"01fdab24fe564a28a964bd857dc6bedb",164,81.86,"396,499,851.79"
"01fe30b78f4d41228d18453f3b1d754a",450,85.13,"696,542,749.04"
"020057dc332e4039a4acdb6344d8d176",1015,259.11,"2,956,819,857.26"
"02013c4760824211990e51d75bef9142",942,262.33,"6,096,959,946.21"
"0202174eaf474602a1de913df91c6f7d",755,294.46,"6,521,672,047.09"
"020986e39c7e442e99a2bc31069228ac",1646,402.1,"39,979,848,538.44"
"020a426d61bb42e88377760574f7e3ab",1428,308.26,"3,553,854,700.08"
"021aa215bb4f43edb17db61d500e50e9",649,254.8,"4,040,767,419.02"
"021bf3b5ec264f1293bf740e271c51f8",465,178.58,"1,606,221,903.62"
"021e724adc66451894578570d55c3a11",1044,269.44,"13,847,193,607.03"
"0220992597ec4293833f76c5f532e1fe",1588,396.02,"46,100,583,829.21"
"0220dff8a1094e18bef1699a405798f6",1761,473,"212,230,467,621.99"
"02239b8ce7ea45369f9aee9e2ad4770d",1554,434.05,"11,657,041,526.72"
"0225aa134a5343929351eb65fa51abb3",404,201.61,"5,073,864,138.88"
"022869f860444034993386317a390c8b",1030,246.53,"7,397,695,197.85"
"02288114f2b54e9ea9a92aa0aa406e21",437,182.69,"8,683,372,021.87"
"0228b546feb542508ed978dc8db4163a",744,226.27,"2,807,759,819.76"
"022928e216234704a237c241de9e6e33",1017,184.53,"5,353,426,140.72"
"0229b409850646a49b3c2166da5379e6",1393,376.98,"38,552,265,655.82"
"022c12a44b4e4756854508a20a7d4f14",784,262.35,"4,669,104,252.31"
"022cc47a19fe4d82bfd41830cdfcdb84",1628,387.36,"29,742,458,726.60"
"02339a1e30eb443faaa835de07df1209",1282,350.38,"21,060,961,241.66"
"0233bf8a1eb04f75854d169be431f860",643,139.21,"1,772,398,772.35"
"0235430b5e4d434b8c0c7a5a8289b7fd",215,87.02,"1,457,867,442.36"
"02374ad5f31544cebb76852939e4bc30",664,154.15,"3,810,356,147.72"
"02392780f226416491af7478bd049f86",886,244.64,"8,007,720,562.80"
"0239b67b048545ff95c057d858ef6e06",642,211.83,"2,750,109,135.31"
"023d3e0c68034c32afb804bd315f6aee",755,228.9,"4,452,339,782.51"
"023f93fd17b44e55911f2d7b9e5b7fe8",336,95.79,"635,493,891.13"
"0241f1ccff404b77a54397f7ad39b6a1",838,278.57,"2,993,497,954.09"
"0244323cc6c34940a8747cb059206b27",1189,299.74,"14,119,921,728.59"
"02450127c2ab4ab38b882a8fe7b0f0cb",684,226.17,"6,895,636,779.06"
"0245676bb43f4d56a66096015548dfdb",1443,379.69,"16,190,300,899.63"
"02458d8cbd1142c18db0483a63337b6b",516,129.27,"3,860,215,903.52"
"02463949e954485791c516040d5e8d02",34,38.56,"95,311,663.89"
"02476c29750444ae885444d6ec6563ec",1579,350.23,"39,592,484,490.25"
"024a9da7c7af4aa18bac8eb3abfd7359",835,230.91,"5,044,746,227.20"
"024aa986adcc4710836fb3decb7260b5",683,189.92,"6,963,817,814.58"
"024af7bdf1b2482890e2f1944aa54da3",1425,350.81,"25,325,995,723.74"
"024b36a1a675459cb4290885206b74d8",1141,293.37,"16,235,350,908.33"
"024c382212e34093851937b2f4d425d9",211,107.78,"904,987,507.51"
"024d25a7b46148b28c9ffe753003bb01",630,266.02,"4,118,812,208.27"
"024d818cca5f46f48c1dbd7dc47667d7",1761,455.08,"74,572,432,103.22"
"024dc7f0cd6e4d5e9291c9793e749eea",354,107.08,"669,807,672.96"
"02521e8ce57b40a9af7217cb1aae1edb",1638,431.56,"46,990,908,216.64"
"0252e0fe4bb3406b8bbbcf2494d8273b",1396,410.23,"15,832,376,393.11"
"0253f33caad845848c5312713c331d1b",1185,258.8,"6,946,434,789.32"
"0259cded2fb141b8b298754079eff94a",424,127.45,"835,356,138.82"
"025b467030ed423b91e20866616d6df3",648,170.48,"8,276,595,118.62"
"025c6c5731de40d690ef7265daf3f64c",1101,348.59,"19,375,550,227.68"
"025cd88be07f4038be75cba612d9a83c",368,136.17,"3,865,754,171.44"
"025df22dfae04436ba2f5c2ed5c4a6a3",119,64.79,"169,274,704.74"
"025fd0fbdd294d04ad6e008c7750f7e6",1618,331.53,"56,653,212,649.21"
"0270433640be4a30b0bf160376e35ddc",422,105.24,"698,270,188.23"
"02727c626e534d3896be540e7a968932",1099,227.26,"5,810,558,537.48"
"0274f143f72a4ab2aeb88d62d729a9d6",1406,309.91,"27,829,066,818.64"
"027bb29e002142f5a64c2080b589ac3c",743,263.64,"29,874,187,634.08"
"027d8e7ec02048d68017fe4c21f31e9d",1183,309.49,"9,667,857,749.45"
"027f2b44389f46afac11572ab2c1c7be",1214,379.51,"16,270,253,435.15"
"02808d994d3d4eca9ed9eeb82626bda9",1553,410.18,"81,459,854,298.23"
"0282861133aa4e348a234c97a6afca4c",1030,216.62,"2,903,425,903.45"
"02831ff92ad742fc831831dd47e39778",1698,448.41,"44,922,496,353.37"
"0284375dc2494f9ea2713395f91021d3",981,342.78,"6,934,045,859.36"
"0286c0341a934ffdb0b4bfa26fc04b09",1062,303.11,"21,437,687,331.61"
"028a767c0bd54847ac2aec067f2483ee",1516,267.34,"34,968,064,672.25"
"0291ddaef990400ebd6b55ec59115010",791,204.14,"3,215,086,779.37"
"029468f8bf204981b5c2c1f32d1c7346",19,140.35,"839,943,019.99"
"0294a5df77e4400684299030e272a963",167,116.13,"301,633,059.10"
"0295c72f55cb407794661a8254333ecd",1532,395.77,"32,478,968,013.55"
"0297147c27d04624ba5920bf973b5193",686,196.25,"1,575,823,998.69"
"0298d9925d4e42b9b943fc1767917412",209,90.06,"257,533,009.65"
"029a3f364ccc4cf6b7f3b7adb0bb6453",867,204.01,"2,641,408,536.40"
"029a56924cb14c7f844481a3d1a1a381",1391,304.69,"20,574,959,696.69"
"029a9d1fac1b4c05a4a422aad71e948e",1334,344.9,"18,983,716,450.41"
"029ab3484723455caba8283c4ac1b8df",1451,393.69,"25,555,099,670.38"
"029c265019694c9690f23163b37a1f80",1378,365.87,"26,025,543,640.25"
"029c69adc5d34d39aab6776038705d99",781,232.15,"2,099,117,873.77"
"029cd67ec6eb44cd8ab6697c9163a379",202,58.78,"531,317,784.37"
"029d0ab22ae245ae822f10b9eb1f2cbf",367,100.39,"290,274,508.74"
"029d40882804404eb741797ba9c51378",762,172.21,"505,441,620.74"
"02a0e55310384ee1a97cba91cc85a86a",1451,413.14,"24,505,928,735.31"
"02a8617e9eaa4662a1e3b87153354159",1423,320.11,"33,136,268,350.90"
"02a90f33b8424c9d972d84173c252da4",1494,428.46,"31,922,674,264.90"
"02a99a11a569402f84c212531883b0fa",880,320.31,"6,731,633,768.83"
"02a9ca66e14d4bf7a5ab889e2ce276b9",597,158.69,"3,122,867,489.22"
"02aaaed8a9134095baf95dea25aeb8f6",1761,441.77,"65,898,258,686.14"
"02ab950657944e3b860be7589050f87e",992,303.66,"7,695,845,634.61"
"02acd71ce8ce440198786708d37dfcd4",1732,424.39,"52,900,802,912.95"
"02af840b0ffc4e1b97db900005d22f2b",149,42.81,"63,868,211.53"
"02b1617432f845f29f102d5cf1d7cf5b",443,134.81,"699,177,595.13"
"02b496bdbe204ff58499ccfe9da08f70",1057,345.31,"15,067,167,417.42"
"02b88f30d87e43b09548f175bfb1912e",1110,313.92,"11,026,767,906.63"
"02c05b2516734d449120a70463acca1b",1179,377.95,"23,845,136,101.78"
"02c1584fe2dd43519f08d76a6bbf680b",1285,388.29,"24,982,202,120.49"
"02c45c57781e4ad5805db820cf5ad120",1461,396.32,"29,435,376,836.38"
"02c790aebba34c489eb60e1858098f71",535,182.08,"3,698,309,834.29"
"02c8dcfca4354d178a957835c3db4560",1002,151.46,"2,676,358,104.87"
"02c92862c87f46a2a036ec3c7a2b48f2",1612,416.41,"29,115,659,000.88"
"02ccbd09c76648d9ac3481f057b9e900",466,150.55,"2,588,271,049.93"
"02d0ffcbeac54a3ab716543595075ed7",1512,407.8,"47,884,666,784.69"
"02d7a292728a468490c1529f464a727c",876,236.83,"5,335,958,122.13"
"02dc5178f7ec425484011a57a7442a2f",965,364.64,"20,398,723,455.29"
"02dd061f392745a3bd3e4a9f5171d1d3",972,244.95,"6,696,544,869.43"
"02de32a36d7b404dad1c84d54e5d16b4",1142,305.41,"10,271,822,503.07"
"02e0045b9bf04b0a94079ea5466faff8",457,147.63,"318,326,530.28"
"02e20ff247604f3dbe21b5924ac50770",512,231.56,"6,852,130,686.84"
"02ef160cf26845ebbe9579d11dcbda57",736,264.44,"4,437,649,852.05"
"02f1991c30574907a8f1c4b8c72138db",412,183.71,"1,470,970,033.83"
"02f3135deab14b37898b8482534f8c47",357,69.59,"305,355,481.64"
"02f33a1f39ce45658c54f64914f61a84",1224,305.64,"14,414,891,603.61"
"02f3dbf8547043ceb0fdf2765ef3287e",56,27.42,"25,779,408.33"
"02f51440f0cc4535bae9dd66b12a025a",990,343.86,"13,956,584,988.17"
"02f9aa2655684ec49cab7d098492bd04",1401,303.53,"18,500,649,248.80"
"02fb68ebdd6c4d0f8c5b09e902e82f60",1278,351.71,"16,345,622,661.65"
"02fb73bb28454c9d9f368887aea6138b",1002,227.08,"8,987,241,248.92"
"02fb76f40ab84cceaf7c5c47e4623e12",1557,436.43,"19,486,841,902.69"
"02fb79386a5143cbb32102b1c88fd201",1014,198.42,"7,589,906,335.89"
"02fde5e7dce34069ba921f3a8a2189cf",348,142.71,"132,569,425.31"
"03021039606f43319a3b77994a6de556",1712,454.33,"86,582,737,186.46"
"0305840ae1314efc972055d7b87ef41e",174,106.24,"713,465,615.43"
"03074b0a29014d599f515ff16737c6e4",1260,310.03,"12,645,878,364.53"
"0307f68df57e420096785d21f2010aa0",468,156.74,"4,231,232,045.43"
"030a8dabfa4c4ca8beaa826770f5d472",825,230.23,"6,980,282,652.84"
"030fcfb8f3b941e9b293a47ccc1fe00a",485,105.34,"1,112,934,331.12"
"03105639df1b4e3789099654d1019507",172,69.8,"187,207,158.47"
"03106438d3df4e3089f65bcb6f296df5",561,132.76,"965,522,891.46"
"03135d490b854dde816397785e10d831",911,259.16,"5,326,347,457.01"
"0315dbda75c840a08b1c5cc4fd7a36ff",728,215.81,"2,904,975,735.75"
"0317a665e255412588a535877c340572",898,365.91,"12,868,460,746.11"
"031a2ebd4b7a4352940e2474c4904142",424,106.62,"609,386,462.57"
"031a3bedf9444cf194e4d89bf7403b85",1130,304.32,"15,829,664,818.21"
"031a775fa90e4a4c81b830063bca5f3f",462,192.11,"2,515,591,309.61"
"031b36327aee4db08ace941f7d49cc6e",1045,325.23,"25,444,751,994.21"
"031ed48f37184fddb0f74ca45ee3816f",1060,281.03,"7,270,054,359.86"
"03200aa852214ceeaadaf01ff02e7544",1001,303.39,"13,525,511,708.28"
"03209ad1ca2e4b33ac372e4bdbe5c064",1066,293.67,"9,588,032,527.50"
"0323a06f92ab41d88aff0adf3bdf005c",1433,408.45,"28,079,257,613.47"
"0328cfeb38c4461d963b041d77867af0",1015,263.65,"16,378,446,949.18"
"032bc4d1f1cf4929b85d3176af790300",1595,435.26,"45,428,475,699.22"
"032bfde576d04567a2c8b3ad5e3b2558",828,237.93,"8,573,686,406.81"
"032caad0085e475086fe00b223833c84",739,146.56,"2,396,445,659.26"
"032d556fc3444fb0a2d671b9b969e9bd",1001,342.13,"12,241,866,897.06"
"032de69c7b3b40eb8430b400389222df",224,101.1,"4,510,934,815.97"
"032e874861254701a6bfd8cd0c1c8155",124,80.85,"641,682,354.96"
"032f0b7de54043c4a0b0e1aba31b0609",1239,302.1,"28,924,889,968.05"
"033001ca397349ca9437337018a8f097",399,146.95,"2,352,674,882.12"
"0330dfc2c1104bc08a1c229662db3662",734,155.56,"3,228,776,209.61"
"033109d8d3cd4ed9ae03fec8578f79e0",615,180.71,"5,195,637,797.04"
"03312ff74e514afa83e37637154c83bb",688,199.51,"665,624,454.42"
"0331cbadfb854ea7b31b17799ceea60a",1417,313.18,"1,353,797,849.45"
"0332b9295d5b4cbea0dc4c2a7102dba1",1494,421.97,"30,974,944,113.88"
"03354626f27e4131b90816b4daaf14ed",1709,455.59,"54,114,869,042.24"
"03375566fec54ecaaa89453997a3a388",474,226.36,"3,541,640,137.07"
"0338077cd76a490dbeb46cccd5075fbe",814,309.45,"5,619,059,179.39"
"0339fe185194422e9af890de0642c41f",659,197.23,"304,195,334.23"
"033a4ec155f14f21aed29724a88f92d3",1210,378.69,"20,114,641,134.51"
"033e4e73cd144855a78dc34318254807",242,95.16,"369,596,879.86"
"034237fbcb9c4d7c8ef73535a12a4706",1375,388.51,"36,255,424,755.52"
"0347d3b95e5348079f6a3a6bfbe6a2e7",849,286.8,"4,271,918,345.53"
"034af5301ab54bb0a28027aa7a456cec",393,159.21,"1,023,819,357.07"
"034b656dccf74e87bf0afb1ed9eae1a2",675,205.48,"7,294,918,757.40"
"034c1dcd602b44ffb9448c8455084ceb",87,50.89,"169,934,624.97"
"034c20554a7448b8a11dc273d9252a25",1444,370.91,"46,111,492,221.33"
"034dbd357d964fb28bb1654fc219051d",1039,193.07,"6,996,081,188.24"
"034dcff345cb41f19b25b2856bf10fb7",1496,391.53,"33,369,055,378.18"
"034df45cb7474d6baaaf7380d348dbf0",916,243.14,"6,441,091,289.04"
"034e2e8ddd234ae39aa1b567a95df43e",1626,345.05,"35,436,794,939.12"
"0354de7935804533addf604689c6fa26",718,209.93,"3,176,356,071.54"
"0355ff288e4145e5a6d72523b921c6ea",528,141.65,"1,323,089,226.06"
"035de5f929fe42b693d93de9c9dda57b",1096,267.59,"6,830,959,981.33"
"036014ce54844124a46e25303a564ca0",484,101.11,"579,881,896.31"
"0369f953f315452ca2c10ac2af729e12",100,19.72,"52,820,812.91"
"036a59e525a24713b22e52f4860cdbb5",1589,440.64,"60,191,974,006.75"
"037819ac9f4f4552ac2d5b5091e28e48",560,233.44,"5,259,658,581.34"
"0378b299de474990b8e1a048d91069fd",790,143.55,"1,882,814,403.46"
"037b935274e842b29b6e788785664a3f",510,158.4,"1,388,867,482.29"
"0383cc62834d4882abfbb333d989e052",850,299.2,"8,331,030,192.31"
"0383dd4d193b4201abf4cd141ec063fa",1143,347.91,"11,890,113,796.00"
"0384272486a04e1d89b03ccfa1a49d3b",1415,401.09,"4,618,930,196.68"
"0385b101cf53426ea45c2028d3c13fe6",155,18.96,"99,791,112.14"
"0388b3537655471eb00bd92607ac7e97",830,334.98,"10,525,920,552.33"
"0389cd656d8548079b6815d73530fd75",715,273.71,"4,852,849,760.46"
"039190b8b87f4c53b7e283d5d29a418f",395,82.64,"929,905,919.34"
"0394bb3b52c44b7ebe25684646fee3c2",274,85.6,"414,689,842.93"
"03964fa63fa843428fc431648f6614b9",558,120.42,"971,854,839.63"
"039b149c10bd44c494047d9c9c8a5f70",613,127.67,"701,523,966.51"
"039c51f8b46d49a0bd53828d51dc885f",1073,268.51,"30,397,547,068.29"
"039ea24b7e0d40528fb0932b0b183c06",725,250.52,"6,129,500,064.29"
"03a103cd9d6c4add943b4e352d95b350",770,222.87,"12,731,154,487.60"
"03a3798835524bb19b709ecc4a98ae67",708,175.26,"2,238,703,991.15"
"03a48c0f11aa4d2fa0748b7e35763b90",174,73.2,"129,820,977.65"
"03a51a531732414ab2a6a4820f8a2cba",1446,281.72,"33,797,056,841.44"
"03a52ec4220546d7b10f47c87be19450",450,145.42,"1,653,436,708.81"
"03a5fdfdd16645248b24d813dc3a9b9d",1027,265.97,"10,901,907,778.68"
"03a7fb530c4a40aa99ee0933fd0d897d",563,144.17,"1,380,763,952.29"
"03a813a85db94ea7895f566209baa239",543,190.5,"1,921,474,169.03"
"03a8a09f114743428797b816d9871960",868,188.05,"5,780,458,372.34"
"03a8b887915e4212ab542a81a1c998cb",456,140.08,"594,105,944.49"
"03ab392fc2054a77ae367376d9ada80b",340,104.9,"369,399,079.81"
"03ae04135b3b423581507f0385985afe",753,172.16,"1,872,171,702.48"
"03b69b0d46e54c45ac3be2ed78f601a0",928,279.39,"570,195,271.12"
"03b7ce60045b4dff9257750f741f6b4a",168,106.48,"488,571,503.09"
"03b9cc90c16a4d14918298a1c32fa9ee",173,78.94,"389,746,879.00"
"03b9cfeee73d458ea58cc6160eeabb04",553,124.42,"1,498,397,239.04"
"03bbffbd938b48a385c55a85b9522009",755,153.58,"3,843,421,132.46"
"03bc004019bd48d19656b9ec71e4b6e5",158,79.1,"274,594,530.30"
"03bcbfb43b4e4e7a8aef5e8fb234bbbe",585,178.72,"1,650,072,547.90"
"03bce2e80b694337953e60773f9adb10",780,285.8,"6,319,190,276.29"
"03bd90d9e3194e17bf86d8ec431ecd02",1072,367.17,"23,785,846,764.54"
"03be5f774da649d7bec688b5f54fb2b5",865,210.68,"5,694,562,770.81"
"03c22701cc0a4656ae520209569d1ca4",1174,308.86,"19,393,050,052.29"
"03c55e7de1e34409a5929e09b0f84edb",746,196.08,"8,020,197,967.83"
"03c7871464f3461ea9507ee1d8cd1379",1625,428,"52,863,819,670.30"
"03c96f68c6b0436fa981220d1f3f25bd",1167,230.68,"4,238,490,232.34"
"03ca2df858c5495db7b96f811dbd8692",1277,287.17,"13,470,500,495.05"
"03cb1706eb9d4a84a4eec7165405bc02",233,80.65,"272,547,021.32"
"03cc76f7d68145bcab5917b512f51e21",1684,444.2,"51,718,745,471.69"
"03cd36683dcf4578bd92d277ba92a0ca",1472,440.76,"27,243,827,696.84"
"03cd439a00824cdd9df06c01bfee1a89",1015,278.61,"11,524,327,548.55"
"03cea84f2a46492989cec12eddfdd583",1575,445.53,"38,861,686,958.28"
"03d2b733d24040399d86c1dafa5bc93c",651,186.04,"5,108,723,612.22"
"03d35f5c47f24f65b157a934d34d55d2",217,88.64,"492,826,074.89"
"03d52868ae4c457ead0acaafa66ea412",1527,348.43,"38,796,380,801.69"
"03d64a91ec2a4ccb89615b8789a1c0db",956,284.19,"11,984,051,625.07"
"03d833163ced49e8b58eb547f30262d6",447,109.68,"1,227,258,056.96"
"03d873bbf9cf428095d36ff707897ad1",1251,386.55,"23,285,661,720.46"
"03d9bad5e1994d4cac10c35b78931689",617,116.4,"1,230,715,122.61"
"03dd88030fe34bcea2f523caa3fc679b",752,233,"2,618,617,727.25"
"03e04e61bddd4e8fa372f5872557fa22",807,215.73,"4,972,536,639.91"
"03e08a601d174f4086cd33fe6001cf83",1414,367.98,"33,606,628,775.32"
"03e20b59c3e24e30a44765c002e09ef6",1341,347.32,"12,887,479,146.31"
"03e48959c0464ad295eff47676cddeaa",1031,284.32,"7,009,320,936.81"
"03e78c1d7bee40b8b2deb0b769774b2b",783,251.88,"2,843,989,763.07"
"03e9bb177b7548169595d1ac2643bba2",977,294.16,"10,713,224,393.83"
"03eb396e569641e69162797e7c66be1c",693,206.15,"4,915,228,917.95"
"03ee13b74a07463c997226f96b04d1a5",600,133.44,"1,392,144,969.61"
"03f044fdd8b44e6a8c9fce6fbc57418f",1397,352.19,"28,425,783,422.04"
"03f5719b1b8a404aa9308ec7a6dc4392",1071,275.27,"18,366,662,337.32"
"04015eec928c43b6a968ca1d024d02f8",281,75.2,"184,358,783.03"
"0404b09a7186470e9d67f4991e74d0e9",456,114.84,"605,851,506.20"
"040698fa7ae440519f3dc7328e1e4da0",106,56.43,"81,237,579.57"
"040aa19f94c74b82b96e336732036823",1490,425.38,"31,602,022,619.85"
"040ddf1d973c4f4ea94927640b81f709",191,109.48,"783,526,384.70"
"041006bc91fb4b1ebfdb1a6626699ec6",298,117.2,"2,444,360,360.56"
"041244fdbe5b45d4a3f7ccaece4e0874",965,331.21,"10,851,822,320.56"
"04134df5d47347359bd26feea9aac8a7",485,93.48,"6,903,012,807.30"
"0413d2232207468fa07a90f66a0890d9",728,250.68,"6,446,248,153.04"
"041546a4eff14352b860d2f9480adaf9",578,144.26,"1,917,024,649.16"
"0415eac8e51d4c24870448ebf1311167",325,65.81,"80,954,260.40"
"04178c3f4f174c57b04c5f8a2a729a9a",202,203.65,"2,336,841,258.81"
"041995e8c088498d8025b0676752983c",249,86.74,"358,119,426.20"
"041ab740adf74904be56d638f4b556b1",440,134.89,"973,330,403.28"
"041c3b5a59594c2ca8198614e8d06a73",819,303.88,"11,342,745,654.54"
"0422d2890837452ab8f4cb2ad08d7efa",604,163.4,"2,246,008,172.75"
"0428f1e0b3944252b945c9edeea20c6f",1150,307.12,"9,308,930,629.82"
"0428fa3369ae4582a88c551d30df9a73",1654,426.09,"32,850,460,467.21"
"0428fdc9571741609367378656d2d639",1087,322.76,"12,410,216,513.83"
"042b962efc1c437cb13fdace6ded5bdb",477,173.46,"3,069,212,810.01"
"042d28716c6f49c78ffbfcb379edea22",1615,334.8,"38,872,703,967.73"
"042eb24608c9466a9b2e995de08f4cf3",759,261.9,"6,956,841,343.77"
"043123a1e21149d0941de846579424b0",1500,352.34,"81,683,737,944.56"
"0431c4271ae04d3ab41593fa1f0a0b42",829,238.64,"6,061,307,218.49"
"0433cedb683c47b9811830d92ac3213e",1445,426.77,"11,604,544,466.33"
"0435d401e8304aa88b271b8ec877a8be",839,305.66,"9,517,761,970.81"
"043854b6dc15422ea80c6e41395afbe2",1374,395.62,"11,875,760,465.63"
"043e4d07a9f04e43a7255e597a53433b",1062,265.06,"8,272,215,899.47"
"04418dde8feb4ab5b3bbefed809666a1",1436,384.97,"39,102,484,469.29"
"04419524b6404a24bfedb0eb8bd0ddb7",752,130.33,"169,605,702.27"
"04436f736e434bdb89cf446f2d6ff22a",1662,393.27,"17,488,626,721.12"
"0444a0f08b38437e8ddaff327191f594",812,269.67,"4,602,311,904.44"
"0444bc638d5b47b483b2211e9988d0c6",1151,255.85,"4,990,230,726.49"
"0445f7f75f134574963bffbe0e7ccec4",1352,375.99,"19,263,292,104.56"
"044874f04b7b4260ae5928421b323739",351,80.41,"389,510,112.77"
"0449889d31764e82858ecc6d11854903",691,238.14,"3,220,927,640.77"
"044a453a57e6407f9ba34932e5ef3bd6",1226,293.71,"7,649,527,790.99"
"044d4d8ead94476bbc6063ebda99df75",620,138.51,"4,211,375,387.55"
"04540693b9414924971d5b4c29763161",719,222.17,"2,316,631,588.62"
"045492949583478fbc9e1538132c308a",185,92.83,"1,156,166,308.27"
"0454b314f6dc4b2daecf1d9fd7cc1357",1618,403.74,"89,262,708,606.49"
"04567ff038a6490bbefeed3aab4cb8da",1022,327.38,"14,147,210,212.17"
"04585ee58a5c400b95775ccc110aad5b",656,272.4,"5,759,408,513.04"
"045bbc29d16d4f168799815c34648a94",653,174.68,"1,606,438,818.85"
"04636d8ddc604f4390912e2fcfd620a2",1095,195.16,"13,220,705,417.22"
"0465d1288a4d49838a21a28ca5f2543b",769,190.97,"3,082,525,578.06"
"04689429c20b45fea95aaee0993a5c1a",840,319.07,"9,697,637,536.19"
"046aaf2f33884d1cb35d97f671a3f6cf",864,162.94,"4,140,704,411.78"
"046c04d933224f94b49538ea3aa21d30",450,76.04,"446,790,053.86"
"0470219c5b7d4a78ae66a05ac9bcc5e5",1432,371.56,"33,915,962,799.09"
"04727118c6b94c6e8b13665f0139b79c",679,221.18,"5,825,834,811.90"
"0474bd1edba5482f994323c0be8d69c9",758,244.53,"21,902,504,617.02"
"047607d25434485b83332c7eae91f57b",1009,200.68,"10,305,995,382.42"
"0476f8bb7b4f4e22b9aab2a80bab661e",895,313.95,"9,607,606,343.27"
"047760d20d594c64b6cf476d17626b61",1580,351.78,"29,022,668,412.29"
"04783adcd35c4ccea4e8b8abce8912cd",624,230.86,"4,362,927,259.69"
"047955e842ea4973b3e62a4917f6c00e",844,240.45,"7,283,914,473.93"
"048172176eef49ebaca9a82bfea2466c",339,117.18,"608,988,993.29"
"048513c1010f4d07a25995dc30c533de",1381,396.46,"33,733,070,164.30"
"04869539795e46088b3b782bead130e4",1296,380.05,"19,725,445,353.52"
"048afc7f235c408894c069206b20b88f",651,185.8,"2,133,817,791.19"
"048b7fa2408d4a929d89c801751b6425",1444,407.69,"60,583,835,466.16"
"048c74c8afe04e7b8582b1fb4617afb1",358,96.54,"207,578,006.16"
"048cc98f2e934722a56eda1ea55bd249",906,327.52,"6,845,124,812.03"
"048fdb50c8db46cc834a146147dce8ae",1109,163.07,"7,167,346,797.90"
"0491b2e9974e4b2fb52f3c9cf768df67",705,243.76,"2,867,687,455.48"
"0493c2552ca9423fadda0117108a65c1",681,281.83,"6,583,109,270.45"
"049497458f054d8e834f17760a43ffb4",1734,457.12,"60,820,273,305.00"
"0496881a5b334300b53c5c1b5a4f504d",1724,457.68,"44,361,736,612.01"
"04976110b6d4450ca6b5673c224c39a0",886,353.27,"7,402,045,844.03"
"0498cfad589743949fab0b05c2523413",504,211.84,"2,247,233,502.76"
"049ce9d892da4601ac3474bc293ae1d3",1748,428.78,"45,870,635,570.09"
"049dedfecf074765a331e1bebe65914c",397,82.37,"950,210,277.59"
"04a00edf2ffa4067b924ee4595e7c21b",202,114.61,"648,675,976.39"
"04a276eb0766471cabd3f41889eee4a2",526,236.19,"3,856,491,383.96"
"04a4ebe7c250409899d5764509e8e7aa",445,124.52,"518,435,808.95"
"04a994f07a1e4aa38a782fb400e2fdca",1195,355.73,"59,951,850,842.92"
"04aaf069c2a14a9f8fd7f7e379286bdb",1222,367.74,"12,723,885,964.69"
"04b151cca7e9492d9feb5afd2cdcfcc6",752,167.5,"4,175,783,649.07"
"04b299d62d2240b3aee0be6c69118421",1038,240.17,"17,609,270,091.10"
"04b555f273e54a60bd26135464252f4c",303,96.1,"182,436,055.02"
"04b98d8f73b641c3b3bdc2243eb2cba2",1291,312,"21,223,005,394.84"
"04ba5cf10a9546eb878fc3609f61ba5f",1742,462.02,"97,524,997,664.14"
"04bb4375b1f641f8855f0857085261a3",1355,377.82,"20,352,715,742.72"
"04bd0166ad324718a9395e7ccbdf5079",768,195.58,"3,813,855,675.62"
"04bdbbb438ac494aa2662c3c91b5baab",1618,413.86,"65,192,084,169.95"
"04bf0ab2bd7c473fa72f1a82200bfd71",1127,375.47,"20,419,586,496.94"
"04bf276ef7364fd9bc7815eab22c81f6",1368,327.77,"15,099,733,886.65"
"04c0217a3af64116bd76d86622373311",78,55.59,"239,193,070.58"
"04c102b8a5014864928a16d7763d9b50",863,323.68,"18,020,830,111.14"
"04c29dee4d5b4acc98c905b9a408ae1c",1321,222.12,"24,781,763,837.37"
"04c642db19084edeb1131cb3c8e47966",81,72.41,"14,954,986.44"
"04c7dc61049d4049a29584d03cf59400",861,166.6,"4,775,058,646.16"
"04ca320e2fe1421aaa80ceed37de5234",1225,314.9,"7,434,180,855.71"
"04ca8e2e47604d3c90379d2f701694f7",664,175.32,"1,835,713,783.53"
"04cd3f240c7f42009b3398fba995c3a6",1730,468.93,"383,801,608,965.68"
"04d3d79ed4dd494d8be7f4d30c5ed023",1374,343.32,"38,888,909,002.57"
"04dfc4c79c474a2b9a16fec0405a5c1e",348,102.71,"787,191,231.47"
"04e0e849e419454090ee2270bc94f599",1653,364.78,"68,147,563,963.48"
"04e1eb6385e044b9a56085661b680dd3",1013,216.54,"6,055,937,690.78"
"04e34a46870a4de493de61fb1ce8d74d",913,177.56,"4,315,077,533.12"
"04e3c997e3bb41619baec805ad250c86",645,224.98,"3,615,809,792.78"
"04e3fbdf7bd347769a63469eb38fbb31",1087,273.89,"12,804,537,568.66"
"04e483d440c141dcbbe000b71a50513b",1082,272.02,"7,990,491,277.29"
"04e588683fb04060a7eb11966b0d67c2",1679,352.64,"32,290,353,314.59"
"04e867a3ea8342b296a30842a74e7a94",1210,253.3,"9,995,774,459.15"
"04ea61641d1c4a68b7a7713402fe1bea",1502,307.56,"37,300,722,187.48"
"04ea81e8ac8c49fdb74243f79ccb9195",1594,262.34,"22,559,665,334.75"
"04f3a972c7674dcf8443b414c727aa22",717,227.39,"3,922,613,705.37"
"04f4b75bb0fb4eafabd7a123d24ae73a",61,36.87,"8,461,551.37"
"04f4bddb99004950ab605a20f41c6a98",1761,471.89,"87,867,746,298.84"
"04f4f0d88b5242dfb0176c01fe4e189b",661,282.44,"5,530,375,758.73"
"04f7e028cd644354b350d8aec52b7c33",554,133.46,"832,531,208.54"
"04f8c06846d549c88f4587ff6fc66139",727,306.7,"15,107,227,420.99"
"04f924abcbad4055abb48dc5c85c736a",1117,308.39,"12,149,421,215.02"
"04fa0ed21d3f40618f9720bc8488dc75",1740,424.01,"80,856,006,314.17"
"04faeb4d1ec14661b8396531f8f4b0e1",1662,432.79,"57,734,728,586.40"
"04fc1f1a0abf478ba484ab93a4e2ec1a",1552,401.68,"33,447,555,589.51"
"05003bff70704bc8b70b9ac22d4bfe9e",1193,350.53,"15,425,355,045.65"
"0503392838d44d5493eb6b6a1d01de97",698,187.86,"2,405,243,275.00"
"0503b1aa3b354b369fb5581773a2766c",1004,305.9,"6,136,865,023.16"
"0504668567db44c187b9c099aee3d613",547,233.45,"2,567,716,672.71"
"050886f4c88c48afaba404b17dea3b01",704,244.82,"4,699,676,608.97"
"0508dd6873e541a5b619589e0b033497",426,118.06,"772,345,445.27"
"050b39c5c989436597f5722ea3f2dfac",642,236.51,"4,082,878,232.41"
"050d259f259044b7a8e2138a288fa293",866,251.85,"28,201,929,780.13"
"050f4b2d54594027afd6c1444855b68a",1496,269.85,"23,890,741,330.51"
"0510b2fbbf534d47b0f2bea963431891",459,100.72,"295,992,326.22"
"051268ececba42e88ef580b911915ecb",409,93.31,"438,233,330.60"
"0513017f2d5346a7b6b718e2b7b72348",730,78.36,"4,423,340,662.94"
"05145f52735f4b4e8a3f10d4c8c159d7",898,246.32,"9,062,439,936.80"
"051514711af14177a4bc5d60a28c74e2",569,169.37,"1,337,312,586.16"
"0515a0a2bf1a4848aba420af6685f975",823,219.29,"4,736,754,022.31"
"05192137f91944cab7f1cf0656b8a006",759,227.83,"2,381,047,024.01"
"0519b0ef177a41838b8e32f9ba62cc41",1302,336.97,"8,025,471,283.21"
"051a623d40a141f1bc463055fafaa58e",450,153.82,"891,605,995.40"
"051b1a7953ea4fdaa1dbe13013151da7",278,134.44,"629,761,964.32"
"051f510bbc7a4d698822074512188d26",1291,396.71,"15,939,035,926.10"
"05219f7db40743589439fcb871e1c7f9",1761,472.54,"122,195,930,591.31"
"0521b55100ef47d696c5b68657c8a104",1410,359.78,"17,358,379,347.11"
"05245b6c750f461d9745c35899c318e6",702,289.55,"6,489,288,655.92"
"052b3eeee9f348aaae8212e3d4b07bd1",1402,232.28,"15,528,117,502.62"
"052def771f3949e8bec13c7c9de32b02",1761,472.8,"152,808,396,226.87"
"052e4de9e98f477ca9b01b2129e798c6",1142,307.12,"16,894,755,943.66"
"052eaaa784bb4b029d21bd0925ffe782",360,100.58,"1,061,200,139.34"
"052f4b25ec2444a38788346e82bd9768",1006,266.11,"6,626,112,047.95"
"05326a8a26484569bf6a0b545cc2ff10",614,175.54,"2,421,805,891.25"
"0534c4862ba04e98bf6c2c42061f8caa",290,112.36,"490,088,874.85"
"0535cfc21f5c44a9beb5cb95f29a5aab",771,328.95,"6,167,940,877.60"
"053bdaa95ad54e7c9e6ac710fac14993",1173,332.14,"14,738,239,844.88"
"053dfca7a4f142068179ef32599f616e",1431,401.71,"32,072,519,599.17"
"0540cd62afec4b37a23802de19c38eea",341,152.43,"1,818,157,756.12"
"05412281370043e7b6534a0b4b886ea1",770,165.68,"2,664,005,967.27"
"05422adc7b844e71b1e04f7402832247",632,145.26,"2,764,866,605.33"
"05464e471ffc42e298a3153fcc272e0f",839,307.75,"4,765,994,771.53"
"0548e710ce69412bba5600c31ef4e731",820,213.22,"3,881,493,908.02"
"054ae84c09304eceac59be97dc4bdd64",971,367.01,"20,397,148,662.10"
"054d4e3b70f94d7ea7685381e5993fe2",1362,330.16,"19,030,417,382.62"
"054e816bec854d648e11a7e4c8101682",241,137.48,"850,993,653.78"
"05533363dce14834a69a31a75c5dc80b",501,158.35,"1,596,459,685.32"
"055348b4ecf54e4fbce402dc55f1918b",1710,319.4,"34,659,247,501.72"
"05564d297af54d96b69fa0353bec81ce",472,109.67,"471,772,175.78"
"0557fb3a9efd4d7b8a0113962d969ac9",536,170.5,"1,642,620,467.08"
"055b17070f0d4cd7a7109d3ccb6fb01d",835,179.3,"3,594,782,022.34"
"055ba2b535da4957a621236042aa30b7",1349,368.76,"14,599,771,826.94"
"055bb2930261477cb11212db7207567f",1036,345.73,"14,659,003,345.42"
"055db3693e1e4431a3204d586be92a37",1645,442.65,"49,701,263,826.97"
"0562b5338c7848d189bd90dd2646f249",479,96.29,"570,515,814.21"
"05655b92cdd04ac19607288a31df0998",1163,303.94,"15,470,693,080.93"
"056649f3e67149d6ad49f44070db635b",57,51.44,"36,879,300.50"
"0566d7f6293d4e748e7ec89c12b81c1c",573,235.02,"5,146,123,517.13"
"056eab8aab984b1ba75bca81039a9fe2",899,347.27,"8,514,534,193.71"
"05714ad7f9f14d708cf630f0058bcec1",504,114.54,"553,773,540.91"
"0571ee2d5bd9433e97649ce0178eb0f0",473,111.73,"448,944,855.79"
"05737346dc0c4bd2909e9383c21c084a",1199,377.74,"9,399,709,060.00"
"05789c92cf51417d9b4a712efadd4f66",1401,398.29,"25,906,283,149.60"
"057a5eca4a0a443197184ccb599e0a91",839,172.96,"5,309,394,077.31"
"057aa0c06c1f4102ad66d1f8336d8da8",1586,319.66,"20,975,847,847.47"
"057dfb6d7126420da775687841aa2e1d",1268,358.52,"12,393,924,089.84"
"057e26b2fe6c48c6bd42c5f1d74f757d",801,183.57,"7,428,729,805.00"
"057f4ce80fcb437d9c379ef37299ba18",535,172.12,"379,667,514.23"
"0582d472711d472a8aa424080492927d",436,110.23,"759,743,783.05"
"058543314eb840ecb5058a0a292039fe",1344,195.05,"13,698,656,601.99"
"05868e3c36444d6881b759b765949a20",962,253.07,"7,981,612,076.29"
"058aa38480a44a50a577b93149071482",518,199.4,"1,907,071,487.97"
"058b2f247906440e97b29f49367eec41",491,240.11,"1,754,607,489.60"
"058c3623f4cf4a55ad7db8622c0380eb",429,92.45,"780,531,971.41"
"058cfbb6c8d844bd89ed23762b63db4b",710,146.52,"910,712,785.93"
"058d91f7253447428c4a42322df59dd0",785,253.9,"4,678,180,744.47"
"058dcf59ef7740899034e069c201a30a",185,93.59,"417,951,097.67"
"059029e955d24750ab172fc05badaee9",1107,311.19,"13,325,204,958.61"
"0594b98e368344cda740c8206348d7eb",103,34.25,"10,295,588.98"
"0595b9b4896040bd960d3a4c6e33d27b",1421,272.37,"32,946,668,391.96"
"0596cf953f61423baa99dad2bc549536",1134,224.48,"10,225,787,535.07"
"0596e283fba74e29b183d7016f275600",353,109.5,"509,659,779.66"
"0598d781f71241e2a0148e1cf8272932",431,150.91,"787,460,966.53"
"059989cc426f45799d0ca8335b6b2ac5",460,175.87,"3,545,327,965.80"
"059b0e1612e64e5aa9993bb99a40e256",527,154.38,"1,156,458,278.90"
"059b669917ce41b486a411e906e007e2",646,224.14,"3,056,858,837.26"
"059c0480cf9e418ca709bcd975bc761b",656,142.94,"4,982,805,068.71"
"059d31f63a4944628512e2fb792638c3",1666,426.18,"106,475,152,765.46"
"059ed0f889f6428895a7d819cfe7cf2d",1647,320.11,"22,890,733,327.14"
"05a06280ae4a4c85b223a040b3573b20",1161,349.69,"16,303,281,585.72"
"05a0d03d013645d48a99ad68fa82dc2c",111,47.48,"49,844,960.89"
"05a1d97af9f14a00afa94f523853ff5d",1278,207.65,"20,157,695,698.67"
"05a4437677fd406ba5d98ea4d050baa9",1059,313.92,"13,904,991,794.80"
"05a4c7a634584d3e9e2cf571c307558e",1376,322.05,"7,926,141,417.93"
"05a9b31e721c47a9ad6c9c8900ef7c62",410,185.47,"2,400,875,335.41"
"05a9eca8fbfe423ebfb79731354fd7fe",1056,299.36,"40,625,507,806.23"
"05a9f56cfec54b66aafd2da6bac4198a",1115,232.27,"11,762,288,287.09"
"05ae4051636a4cd9801b6af573836b5c",1394,400.21,"18,569,244,289.64"
"05b27a303b65446db1f44ed28ed1ebc1",1024,373.09,"14,820,391,564.88"
"05b2ce2025e14b84a882e303742d0287",433,110.24,"2,854,044,170.94"
"05b3c3fd26854fe786e0f6861fe42cdd",1029,228.7,"4,355,383,640.31"
"05b6e7928f4a4b969e81f67ad56e5aad",421,144.77,"1,857,095,035.38"
"05b7fc363ee647f6b123b6a447da4acb",922,330.59,"16,490,320,810.05"
"05ba69b850b34461b62b426740232e6a",582,178.96,"8,060,712,606.64"
"05bc3271321d45219f689091a1ba5f24",748,230.21,"17,807,810,368.74"
"05bc7fd14a034558a02417e1e75eec1d",815,190.43,"7,967,888,464.96"
"05be800b05224f7691b55543ca31841a",1072,232.73,"10,690,011,496.70"
"05bfe826326c4795998a5c973fa4af74",312,100.73,"559,749,212.08"
"05c2b2b81bde4986ae5bb6c158ee2cac",136,91.5,"362,622,398.80"
"05c5880f81d24a5a8abfc4038cf9f1e4",1340,289.49,"15,981,748,471.01"
"05c5f55dc04d45c785e408c0bcc47875",509,133.02,"282,119,085.19"
"05c63c0cdba64b6582d31a897122b6a4",492,156.46,"978,391,543.78"
"05c6464bc8764633bd622cfa54ec0c0e",930,258.05,"6,062,662,952.98"
"05c741a181194929a1f956d0c2814dd7",842,223.7,"7,957,967,426.35"
"05c75b2a76c2472a9989846a2f3509b6",1000,279.13,"10,558,299,572.28"
"05c805c3cbad47c6ac2feacbebdb85ee",1380,321.41,"25,433,471,884.40"
"05c8c385e8574edca55b4f864d60af2b",1328,389.26,"24,628,452,614.84"
"05cb3424defe4390beffa9c6bd266171",1303,282.03,"3,227,582,676.85"
"05cdf5f2af354b5dba8ba48062db0359",1616,440.28,"44,338,970,699.74"
"05d348a650d7413cbfb10050d3eabe40",308,113.25,"616,738,234.48"
"05d46e72309d498587b2e9ecdcd8ba88",1675,403.37,"74,144,957,281.33"
"05d7aa8533f24d9bb0d859e019a216de",1446,251.51,"30,983,249,607.36"
"05d7faff19874ace8cfcc9c0c6a08991",896,289.93,"10,314,173,661.16"
"05d8478bb5184b97a221895b0f26c3bb",1451,330.95,"25,402,326,572.56"
"05d8702df0b74559b28978ec9d901815",1263,349.63,"28,029,718,152.83"
"05d8d55c46ed4dfa92bcdce375767654",1350,276.5,"21,103,460,108.67"
"05d907e5dc9d4bfb968880e35ee1fb86",1070,313.93,"19,194,018,826.86"
"05e4502c3e6a414aba8bfe002d664b09",1206,265.87,"18,174,495,190.18"
"05e6fd6df1a849288f49c21b2a9066c5",693,261.79,"7,532,911,513.66"
"05e85f42b91c49be88ee18ec8bf07797",721,267.04,"5,913,469,793.66"
"05e8f19d99b84f0fab459e17a804b4c9",971,346.65,"18,769,892,031.39"
"05e96c72cf394e838327f28384ffb960",1695,383.97,"52,065,541,229.59"
"05ea1128acbe43bd9741c36852c398d4",750,266.61,"12,060,539,046.16"
"05ec68d2ec9f409dbc8cbb3be8c5b3ab",477,171.13,"1,458,975,112.83"
"05ef81dc24364a70a737c81252eea659",1388,383.79,"23,180,904,152.95"
"05efbe0658e64f87942732ec35cc6c9c",1045,303.87,"1,588,324,414.67"
"05efe5a71aac4f899147777f41a59b22",1129,269.74,"17,511,614,759.37"
"05efea6a991a442ba922b1da5de1a316",850,306.78,"6,026,229,153.30"
"05f03450d9244bb5a9f353aa46d06cd3",904,257.79,"11,407,425,156.30"
"05f0370a01074ffbb9eff4841097d37d",940,238.07,"20,518,643,399.22"
"05f1e3ede70e4a2ba0785cc8ff72a8e2",368,118.59,"519,350,123.07"
"05f4d7f520434ef1af02010b41e08832",1213,351.6,"15,775,165,712.34"
"05f51679ae174cf683d3e3f794bc839e",201,125.58,"264,186,387.58"
"05f7bea5d0bc480aa239d804443d7284",830,282.37,"8,559,985,956.48"
"05f926b90352473297ca6e3ebabaf531",1597,361.3,"13,533,341,165.92"
"05fa8664452546859c79aab5b669c536",39,11.17,"13,931,011.62"
"05fefa850135450884a9f7cbd6404c66",624,237.88,"2,709,819,104.58"
"060131cc5b68440d936062e38b53a207",1343,261.79,"15,519,208,615.99"
"0605a087419c47b88d9b777dcb4a19f8",653,109.31,"1,875,349,427.16"
"060d72328d034bceb850e0c4cf912254",891,268.12,"4,061,004,927.91"
"060d9f55d29248ea950b77bd36a52107",491,183.45,"1,269,450,219.56"
"060dc1aa4163412e9fb50a5a3a389469",930,248.24,"6,470,614,663.90"
"06103641b8e94e73b51b12da66febd6c",1221,361.53,"15,817,162,764.55"
"0610e2358229422fac57ab41d24ef344",1437,362.85,"19,044,860,198.21"
"0612935bea724c32af1fd4933a094e16",702,273.46,"5,922,475,105.08"
"0613e0ac17c24c1cb374baead370aec1",1389,263.04,"17,357,486,807.76"
"0617f803040f44a7b9f074aee82835b6",1134,330.96,"19,427,395,486.04"
"0619165ef4c9490c9ded1d553d5ed619",983,205.08,"7,760,888,990.22"
"061e84b6cb06498b903933f4652ce097",338,107.12,"597,579,749.67"
"0620ae8368494a629c6f78a243cb9df7",1578,439.2,"34,491,600,874.21"
"0621907f70a14edeaf61e1d6d9b7d4d9",1353,355,"21,378,174,250.28"
"06228faa825e4a4aa093a664ec1c3cd7",1486,322.34,"15,701,719,129.53"
"062449ae93e44b86b97b3cb378c2f4a2",376,194.46,"1,449,103,531.59"
"06261ba8a3674606a541dc14b39a6689",1063,216.33,"9,718,052,469.48"
"062a1b05c4ba4a0ba53b4e0f618f9d9c",1562,365.13,"37,848,119,568.73"
"062a1df18a6343f98ebe9e82a20fca7e",1379,277.78,"16,347,973,646.25"
"06312a2672c346f9865a4032977b4c11",1354,284.33,"16,650,660,973.15"
"0631e94005d74e6bb23d97bc13838af0",1051,303.77,"10,454,869,803.41"
"06341879d0844fe6b1a7a59bd1003dc1",64,39.13,"27,684,662.26"
"06348be1952a46c099854716d68020c6",276,47.62,"141,224,930.60"
"0634fd46edf64c06bf1bfa9be3d32d4b",966,297.17,"1,268,363,031.20"
"06384d85b89447c6bbf82381b03243c1",853,282.13,"7,802,435,947.26"
"0638fab05aff4412bf788e6a849a4626",1142,243.7,"8,277,491,045.70"
"063b35645aa54bdcb32726565f26fa46",384,106.94,"417,950,515.61"
"063f0399350e4589bf1e82242191bd29",224,84.86,"1,100,280,878.39"
"063f9bdf047b47ef85b6533ff1dfd69b",1535,400.79,"21,700,870,193.73"
"0640868e4e864d38888f340b2acbbd3b",314,64.06,"511,987,709.40"
"0643a87c5dc142c7bb6a9b89f8bff76c",1055,319,"12,379,439,040.36"
"06440cef9a884036971298512c32a0f0",1488,274.98,"19,386,029,835.58"
"06442be18ea3440495f64ab88891d00c",1581,405.53,"36,401,585,039.59"
"064495e68c8f4c4e9702bcd4fe0f218f",1570,317.44,"65,827,526,307.42"
"064c2f89bc8d4592a768af06dba45923",139,34.01,"118,326,686.34"
"065156608eb94bfdb79cdd7b62f460a8",1155,346.74,"5,059,140,380.89"
"0653d5b3ac5a448492d7c52b325e955c",1409,410.3,"26,981,655,945.14"
"06556b8ea6ec4077a089af4d1da133d0",694,261.01,"5,210,103,204.08"
"065dcf6bf5a2427096631c2f29a79123",1344,331.51,"34,337,989,593.34"
"065fafd37d444444bbe7e9a94717f0c7",1104,283,"1,308,416,812.01"
"06611bc708674526a7116bfd1579aaa9",474,209.7,"2,599,295,751.04"
"066aba783af240e996885ac747506bf6",896,345.42,"12,554,582,018.27"
"066bd61f39fc4c81889b599a42777a0d",678,251.13,"3,233,054,140.40"
"066d5bf16e024046a49168a94b3f9e63",375,136.63,"836,891,753.77"
"066da53cb96c43d0a5d690b97a58f3ea",729,154.18,"4,662,659,688.64"
"066fac6b82174c9f8f96adf631544e26",1687,376.9,"45,564,932,295.04"
"0670432340cd44af9244fce4c1509baf",872,205.54,"5,202,201,841.44"
"06743d03cd8047a68d34284b68b26cff",1040,305.94,"8,131,893,299.54"
"0676f8b4d5fb4dc887672c0146c533ee",160,118.09,"873,221,005.21"
"067876dbc50b434992679a485e535c6f",154,75.94,"370,575,984.85"
"0679bbdfaf064e05bd300d3be823ce71",763,146.78,"2,029,848,923.51"
"067a3387f7d74736819c26f06fe120d4",1632,303.1,"24,093,861,130.74"
"067d7174e46543f3be182d93953ac764",720,220.52,"3,275,304,042.83"
"06870850c7954684b1a27252128edefa",670,203.57,"2,611,985,123.01"
"068a1bbe02894acb825e07b7a034cd36",1169,312.03,"7,908,056,802.03"
"068c8b8d0b8e41c88f5ec5664f1d7ed6",807,144.26,"4,993,530,149.57"
"068e240fa9a9403882050234e5f08874",1086,323.33,"8,913,101,330.27"
"06903b3650274a1e932fd6de4a516569",602,194.57,"1,950,084,928.53"
"0690a248e41c418e83723d0b978b3fb2",698,216.85,"2,977,731,526.81"
"06915d9dc6c044eab3962127a10f3aa0",824,187.63,"4,623,705,093.37"
"0691e8fa4cdc437c99370daa68f1c135",429,203.92,"2,217,260,384.48"
"06925eb3a2824f84a4b3ebb4858eb2ef",1348,299.72,"14,231,312,486.99"
"0693cdcbc5ac4b9584119ae2d51950ea",1226,332.05,"18,065,617,088.63"
"069584f0ccbe452b875de156ca0fd9df",1457,379.37,"5,538,250,805.00"
"0696189846e54593af0e0e23b78cd9d1",1757,446.09,"52,203,526,243.81"
"069a10a4400e4f56aa0d7d8b43d85865",713,207.28,"3,463,546,033.91"
"069c3e5fd9d44e119795f51d3753e3fe",1111,352.8,"14,718,010,145.79"
"069e300e28a24e1099b011e0689b1911",489,206.3,"2,220,587,827.11"
"06a0329dbb1e435fb4042175d2b189dd",973,334.72,"14,654,153,387.87"
"06a0426363004e57a2b9bd223a62ceb7",1234,296.04,"9,861,429,918.94"
"06a246f947ea49fdad2ab18eed67240e",1330,299.59,"47,099,843,393.59"
"06a2d70b67a14a2aa92283077e20dd9b",288,130.02,"1,813,474,653.61"
"06a3c040c52f48a3a2508b914394638f",718,246.61,"3,432,959,190.05"
"06a87689a1c9476c82d7127f25769e33",1056,377.07,"24,903,871,983.67"
"06a8d37a708f4a10b68e6998258e27fa",446,154.34,"1,186,417,535.83"
"06a9af13ed104164a351fcafbe179be2",1377,352.05,"22,066,716,891.16"
"06a9e8a0475148a1af85b337cfa19683",1146,282.82,"6,543,219,928.61"
"06aa376ce16c468da56aff68453421ec",803,156.44,"4,452,943,314.50"
"06af2998fec34c34b8a93e18657c63d9",1292,336.14,"10,819,976,113.97"
"06b05cd6bb5a4c93b85db522f5e4103e",1169,300.58,"27,029,303,931.52"
"06b061509da4400a91aa1e2e8597bf93",1586,405.3,"35,166,856,467.65"
"06b2d67197834adea9ed0e145c135c6a",490,161.89,"2,327,674,943.86"
"06b30199fb9f417f8c50447dfe8d3635",1414,257.02,"28,116,899,172.68"
"06b3d0df9f3447d29534daf74be420f3",1002,328.89,"13,011,278,742.13"
"06b5dd05f76d41a6a0c1e4704cdfdcda",1380,336.87,"22,724,684,336.98"
"06b67e50e512434fbb3d7d78778ddfe0",1060,250.01,"5,110,443,523.65"
"06c21bf5eb0143c18cea28e1b2835e20",502,175.24,"1,759,318,747.00"
"06c37c3fe557448b97d056f7127b2ff9",332,100.19,"360,853,201.72"
"06c3c555464e43c29469895bda441bac",1653,421.57,"54,070,201,457.22"
"06cb304198144923bf6da109ed352b62",438,138.55,"1,103,757,363.38"
"06cb84db87eb44cb9914bb1c291c55c1",839,271.24,"5,338,662,863.86"
"06cbded363d140e1ac26be0c24e4c0ff",487,93.23,"199,557,812.35"
"06ceb7b05ff44b7e9ab8cd5a36554e77",128,98.61,"8,016,697.31"
"06d081813b5c4dd39906512898e7ed03",1317,364.29,"27,269,041,773.96"
"06d0c29becc94773bb8f82a578c17500",189,91.53,"287,399,291.87"
"06d2170ce5f94cbc9f8a656c934883ae",1328,356.63,"34,400,926,042.21"
"06d68268149f4c1f9026cf4b01342bea",370,85.32,"249,545,387.69"
"06d6aeafc4f64e29a82794b63cf640dc",574,216.73,"2,675,245,056.35"
"06dc50fffd7748aca60ae1d4085510d9",867,314.8,"12,616,559,091.16"
"06e1a65144694a3799210724b726b373",755,242.01,"3,198,561,897.41"
"06ea4087837b48cdb0143c45ec914be1",669,282.49,"3,284,113,413.42"
"06ea9f293f0d4be78a1bddd76182b1d2",937,245.97,"5,561,807,956.33"
"06ef5ef312744e8680fc5aabc4da9e21",741,272.59,"9,755,115,488.23"
"06f1b6004c644f6aa57c90f13d42a606",1761,451.95,"10,202,522,775.36"
"06f474c6daea49a8a1a22aef55e95ead",138,38.74,"118,349,176.31"
"06f5b668723e48a59b96bac0c76b604b",619,230.33,"2,058,293,789.83"
"06f7409a0f45421dab3a75b635477b93",570,191.78,"3,395,392,855.29"
"06f759d605834b7a91cc66c34a7a2bbe",344,113.62,"851,702,420.07"
"06f947407a144af2b79e65383d4c1f94",1526,331.74,"23,211,938,116.81"
"06fd337e618f46169fe84ec6c72ea439",1430,373.79,"23,421,753,340.99"
"06fff861a0c14b5380d2bea170ce2c24",248,81.96,"423,200,377.01"
"0702f848589143eb874c5d50a5bd24c4",708,288.84,"4,441,501,149.77"
"070347d6b04343429ac6fb14652b35fb",533,131.99,"718,212,775.47"
"0703db132eca484bbd926b52449e7265",1038,332.63,"10,852,817,324.32"
"07073d8851bd4fd08e99c04b52440c13",1564,414.47,"38,374,326,025.04"
"0707604f39704ab0804cdcf3d2163601",440,110.32,"611,310,141.72"
"0707e0e028744d27834bcfccbb7d20b0",751,300.81,"7,541,370,807.57"
"0708fe0198d5491ba11b6c7ae7ca8289",531,200.43,"1,790,980,574.08"
"070d0dc9452041479e384f5c581eb17d",753,216.53,"5,337,273,586.03"
"070d722fe60843bba14034dd8f651432",822,191.23,"5,702,596,901.00"
"070ebd7f716941ee8c44e308734677f1",1753,460.89,"69,206,151,920.21"
"0710910e3b2d4f00a51950754ee8ebd3",1497,314.12,"24,101,708,174.95"
"0710bff7a479414cbe246b4f88f146c3",551,133.35,"1,512,847,796.19"
"0711390ac6c043a4993d929e69828ea9",371,174.1,"3,098,293,042.99"
"0711eb0a40ea4f2bac7f90bbaadafad4",1469,378.1,"33,113,851,841.89"
"0712598b98314612bda3a2185caf4035",693,196.03,"5,964,417,439.19"
"07170919ce30480197c0754fc28e8d55",440,142.86,"619,540,964.06"
"0718a1096e8343c1b3d0d9261d1a9f69",683,219.04,"3,346,998,362.00"
"071916973d8c4adab8ee3f4cfca78a30",1325,390.19,"16,144,472,299.73"
"071a46c246da45bd853b20a206a03159",1579,438.63,"33,361,011,267.14"
"071ddbff2d504a4ab5ac2339b8900a32",607,208.57,"4,041,070,020.73"
"0720beb23a344179ac1e0156e0c5518e",482,112.15,"1,266,111,397.76"
"07216653e42444f7aef0574ebfaf59b1",1217,401.41,"46,366,929,787.80"
"0722d32a539e4b20bbad32cb399f91db",341,107.12,"870,757,509.39"
"072693531e964fb48910e469db04bb2f",1193,233.85,"3,648,101,975.29"
"0726dbf07c4842349532a6b0ec4bbffa",905,185.21,"2,745,287,251.13"
"0726fcae46624353b4c0f98f8dad0a0f",1648,428.1,"64,088,102,503.41"
"0727960581b24b77b4f06c6f04e8dd3e",780,210.21,"2,595,285,430.51"
"072c47a67eb24c8dac3f6bafc893c261",92,32.11,"18,267,765.36"
"0731c5ebb4954203a03f0fb5186c1ca4",446,150.98,"1,044,812,777.96"
"0734174c0a844bd78a2941d2e5e50388",1102,327.67,"56,626,430,548.50"
"07370d3c174f4b36930bc037808f4925",1412,345.83,"20,904,055,113.31"
"0738225b690346acb70cfbe79eefed70",951,168.46,"8,676,329,705.44"
"073854b3a0434d99ae999f92afa40fae",206,87.88,"562,098,585.29"
"073951d45dab4d10b0fe557fc741366c",408,112.32,"577,168,270.08"
"073a221af7914169b2841d8596964115",1186,196.68,"4,813,768,857.36"
"073a5abb4b734339a1e90ef43d504842",1678,423.64,"1,455,839,289,668.43"
"073a60979c324d3c89232a6423207382",1681,329.82,"56,279,807,638.51"
"073fca343fa4414db815058aa46b8fbb",485,187.58,"3,657,350,313.70"
"074083b2ef8d415398611e4182e12850",224,106,"456,490,428.74"
"0740cc1b55324e3fa264dac22f99156c",1481,367.86,"30,286,196,508.74"
"074460dc0c0c47f29f7cce9ab34cdc8d",1072,363.78,"18,186,457,366.56"
"0749161c15ec414c9bc222c77f05c130",1207,366.29,"24,145,205,377.37"
"074bd2322f0e44669dea0ed3764be739",1457,383,"24,446,335,361.79"
"074c4e1ad0c7494292c7e7828f5fc375",279,165.13,"4,857,650,084.36"
"074d3252c35f4ece8c89e11e3ff3b3ec",1063,282.93,"7,222,237,079.14"
"074d951c932b478697d0950619aabfb2",994,286.69,"9,986,285,208.42"
"074e3fc4df1f43dfad5e3e5f7dc66c26",358,74.03,"579,178,304.79"
"0750bdb796004ee48545277a21b6e3c9",428,128.31,"1,554,864,071.10"
"0751753d9d3a4c05b79a1f9dd821ef99",718,288.16,"6,987,102,909.35"
"0761027ace8d4a84ab1566a604fea8b7",563,250.48,"2,664,826,104.14"
"0761f85ede804c3db999fa82dc23f3e9",580,220.69,"2,220,693,126.48"
"076328f15d594533bc7715269fb145a3",685,232.7,"4,664,856,877.47"
"076329c3e4874c55ae336ac58d738ffc",745,232.18,"15,447,451,924.96"
"0766fe2ecb9b4f11b28e403b39a33568",1091,338.13,"17,100,925,447.56"
"076a4132121b41faa73e26a732645c5e",555,153.36,"1,065,781,706.15"
"076c0bff9ab54ea3a29b1b499537a274",213,105.41,"866,959,635.84"
"076d26242f464860a06b87c5a2cf9b52",1051,303.5,"16,333,506,383.46"
"076d76bc4c854393810bd33d15b7912f",1224,226.01,"9,547,158,668.82"
"07730822d0924b20a708a0beaf9543d8",1480,384.04,"25,751,410,597.10"
"0775f4e4a3104b3caaa89b86b26c80ca",1482,309.16,"33,171,592,099.85"
"07763c3498af4ab5814894ed1d58e20e",509,190.61,"3,835,963,760.64"
"0777200b6944446f87177ce0990d90b3",1271,370.63,"16,164,589,647.36"
"077d7dcec6fc4beeac4597512d3e57bb",0,55.32,"274,335,331.38"
"077dd20aa6cf4a92992b93923cd45f4f",606,191.75,"8,652,316,531.07"
"077ec23c68ac47259110e98b0e0ae039",627,212.08,"1,075,727,920.20"
"07812488127841429c0a574853ba2374",251,126.5,"585,372,664.47"
"0782c781cc1e42bf90de6ce2c429f759",914,300.7,"9,672,293,754.64"
"0783ca630bab4aadb60b438499e802b7",1142,384.57,"19,205,686,637.60"
"0785110e069c4136a44e3b44eaa55ac8",1355,278.29,"23,799,565,052.94"
"07858a1d659145ca965cd88984b06386",1201,219,"7,880,191,815.87"
"078843fd1ece482d866e1202f6c33f36",1244,263.63,"14,066,182,509.22"
"078ec7c10d2c48ecbd36d6e80d6ce880",1354,321.49,"27,831,980,867.85"
"078f9ca3b8e049b9ba35672d94ba3881",1037,275.41,"13,601,375,740.99"
"07978f6ad11c4709ba79228454132886",1299,316.02,"14,257,445,607.58"
"0797b9cf9a454be2812b93bdd0255214",550,123.35,"717,486,947.17"
"079e2ff2ca2f41bc9127fc5e8fe2a8ee",885,264.98,"5,075,707,693.69"
"079fabc4f58549a2b0dcad2a2fae8cc9",16,60.99,"210,896,323.42"
"07a1d566f9cf45e8a21a9f854edc4775",645,196,"1,752,595,610.15"
"07a365b864284fea855d68560f94a85a",830,215.04,"7,818,899,172.35"
"07a7653448f646b5bcd82c1f5f9e1ae3",521,200.28,"1,660,530,849.67"
"07a774caa23648d589a0e8e281c602ab",336,79.87,"212,562,767.90"
"07b59b5c6246467995c5a15ef7fe1e58",780,321.28,"11,180,722,928.79"
"07b6cb17aaf549f6bb46ed0471f5544e",1001,336.92,"15,387,809,273.64"
"07b7131de3b24a308bbc5f51e5374753",311,110.86,"545,199,249.27"
"07ba3df3cff14be2a60d07c8aece945c",1565,321.68,"32,406,534,967.80"
"07c07b60a1fe478385ecc609398143f1",1404,357.16,"17,912,353,420.92"
"07c0ad22ef9f4703914ebf74a72cfe42",416,114.35,"568,104,826.16"
"07c0d089ca7d48eda46b97dec0afc659",1200,341.13,"22,900,751,815.21"
"07c196b0bad945449f3d381e5795ed86",753,182.42,"2,559,113,843.88"
"07c4be2d78f84ea0ab83daa904cf9f50",19,40.76,"259,291,841.51"
"07c8c379b2274f9e99ed458cece1e5d8",758,201.09,"4,357,697,948.91"
"07cc6c251825496e98d49a2d89cbaf5d",387,89.25,"394,508,970.11"
"07ce2a8aacab437b9d1c57255a58fa0f",419,141.41,"1,853,020,241.49"
"07d4d1bbf5f5446c97215e34b3fd4406",813,234.57,"5,266,150,191.96"
"07d9b0c299a74e7d88aedd6c928e9f0a",906,200.89,"4,718,200,298.90"
"07dab5291de54d8d8f067de349d113af",1279,258.7,"21,587,684,088.81"
"07dc3f6220aa4f529efa316bde5e9ec1",1470,417.58,"40,272,003,671.28"
"07de779eea8844be94db23c547f3f916",1080,219.75,"10,958,869,223.87"
"07df6a1efd924ee583b378863bb8ea7a",840,304.56,"8,039,224,508.97"
"07dfcca8fdd84603af8bb97a6e1153fe",1234,321.92,"15,445,470,683.37"
"07e2fda68b6e4563916216323809bda4",1271,325.58,"18,536,591,714.53"
"07e30ba4876b4e688666df4f34d69700",776,258.14,"4,957,022,451.52"
"07e51f06327f40bf9e8d6d5eef29bf18",1552,412.01,"46,562,456,750.22"
"07e7e8a97ee84c748ee777f13e5ed55f",1687,434.73,"154,624,670,644.14"
"07eee849b0354f14ba24485d28746f34",678,233.11,"8,028,427,997.94"
"07f378de3bd943339f713ef2bd7d5907",1034,200.18,"15,624,392,953.35"
"07f3b5d560b34832a2f8daa9d61d9a0b",364,105.28,"384,119,494.84"
"07f7477e13f74ff1a5f5844db1785e39",1757,456.95,"93,978,367,217.85"
"07f970c0f56a40caacdbe2da0d1af36f",599,182.48,"3,711,553,771.30"
"07fa6d41da4340fdbf89e4615b0e4ecd",379,128.45,"578,523,937.73"
"07faf35a6ff3443eb3b0c01286e31a47",429,70.83,"5,622,516,636.67"
"07fc5dcaaf6447a9a5493832d9d38a5a",1349,278.63,"2,009,283,427.86"
"07fd3a630f5f4f30a104179ffd2a7336",917,252.29,"10,274,577,617.16"
"07fe782e5e5241f29f5451c92747029c",1400,418.39,"30,740,167,004.60"
"07fe7d0ae5a044ddae6e927deecde74a",1757,471.14,"67,533,077,360.16"
"07fec5283241461ea913d85cb8730f8b",697,249.41,"3,459,024,101.46"
"07feeed6fb034ac98e6b67253f7fe48e",830,312.4,"3,082,986,829.24"
"0800e3c524b342ff9c931a3d8688bd36",455,180.14,"4,693,037,040.18"
"08054f99a91a4ec0a07439c2a91356e1",1465,401.22,"36,173,009,842.94"
"0806364335c34a668a4d1608840d6990",1600,407.58,"22,497,767,749.06"
"0809fe355c6d49e8a0b2bdab8336061d",640,233.58,"3,157,998,786.80"
"080a9c17841e41628665f240c575f768",672,188.73,"3,051,799,447.45"
"080e118d70a84c338c40d6de7ec279e2",813,256.68,"5,417,404,829.76"
"080e7ec8522b42d0b8802aa7e1005a07",445,144.89,"2,008,736,355.31"
"08122679ce0d4c388cbd6712ed4a06e2",616,136.58,"669,789,006.37"
"08122e3808a346b485ca616cde82cd56",810,258.31,"7,833,508,225.50"
"0816d46874634ec7b9eeeb14535efb72",1049,209.11,"7,651,542,559.15"
"0819ffb8f62547d3b4c192e5f027c7e9",1219,262.23,"11,470,501,261.09"
"081b5b223a1549fa9b30dc865fd36df9",534,84.81,"621,718,357.38"
"0821f93c203742c4b3ead028b314d6d3",1185,284.71,"14,232,011,576.87"
"08241b81bb454309afbb85fc87958345",542,221.78,"3,136,377,965.89"
"08255ff4e4e54bd7ab381b43e515a2e6",904,181.02,"1,369,407,228.08"
"0825833a4c7043079b7f36dcd1c721fc",0,52.62,"611,718,002.57"
"082600414ce44b798c7f78d877e2fd71",1231,276.73,"15,454,213,081.10"
"0826e9e0cf544f89b66f026ef26de818",5,54.84,"22,562,682.92"
"0827187184c142fb8c455fca89b01e2a",368,143.11,"2,196,090,542.79"
"08284b4938884a8bbf3c683defabb2b5",1172,371.92,"18,355,219,759.30"
"082de20b10634a18b58cb7d22f718db8",1475,307.79,"10,706,142,748.23"
"082f68b3ea544fa6b28ec09c9e5493f2",1204,269.42,"13,857,574,377.59"
"08314a668f394f5e9a4d8c75b8bfa2dc",965,358.12,"20,472,205,912.93"
"0832740498f34af7941a38bdd3d8caeb",878,263.46,"3,776,273,881.00"
"083397ba8d4a4c75a1835a437b58ac66",90,46.96,"58,861,230.98"
"0835407ae9ad4590b3c2b47d2824935b",536,85.24,"745,719,510.20"
"08365e38727147f686349d03e3373b1c",577,247.18,"13,076,649,712.73"
"083808f3d03a4cb68bb90b7474a074e3",1148,318.59,"20,924,986,229.88"
"083bb5b1bc9f489898ff39710153df93",1004,308.33,"8,886,616,429.93"
"08408f6e9d9d466d96f01906a6324c37",897,282.83,"6,399,830,005.53"
"084286c7f09840a3a30411bdeec8e17a",576,198.58,"1,079,020,320.92"
"08429804a0aa4ed9b6dd239e6c566b19",1575,358.15,"12,335,117,973.30"
"0848d863a69943dd94ea91919f450bb1",461,117,"1,026,035,397.16"
"0849bafbdfb1462c8fbab7f18022bd04",1396,329.78,"19,474,684,262.68"
"0849fa14c0bd4e73b51e7393e7d70115",1441,405.44,"34,942,107,480.20"
"084c006a049e495ab1a688328c4b543e",1102,340.25,"14,176,822,696.08"
"084c7961aaba4e06988fd361e1d646e3",900,218.23,"7,460,178,567.95"
"084f5e411602419097f3c4d1377d28d8",1710,452.1,"74,581,175,551.67"
"084fefff29c640158b5caf4cab7282cc",429,174.38,"2,417,996,109.07"
"08510274fec5493f9da25ada39e5cfbc",507,224.05,"5,122,917,468.87"
"08510f58c2944d8593c0086d6f8c7fcf",1403,299.97,"23,987,359,779.06"
"085187930b0b4f93901c8a27027bf583",142,75.7,"343,306,965.14"
"08531decd8c84af8b16f2312d99065d7",245,103.17,"561,441,804.63"
"0855880dab7c4332960811e2e56578d1",1615,433.02,"32,288,373,595.87"
"0856947deb97449785bd944bd3efd238",265,114.69,"1,235,867,142.52"
"085a49a974734b30b737b1abd6324ce2",461,95.96,"684,472,433.86"
"085c73d2064f4903af43e4426bcee5b1",1283,363.95,"16,212,715,548.54"
"085d03dc60a04911b81c96f00febb70d",724,157.28,"214,010,042.97"
"085dc80f7af3412aab682250f6211466",611,245.63,"5,516,884,012.84"
"085e4e1c74dd4af9b67accda9b637fa6",861,172.37,"2,227,044,106.75"
"085ec3a5d4794f2f8d94d94a9ec4b140",1033,210.49,"16,494,462,930.10"
"085eda7b25394121a8ea748eed7cdd26",654,232.34,"4,748,578,203.25"
"085f7789fa994009a3f1cae1f9166f31",720,312.42,"9,563,107,400.84"
"00071d88154f4f1cb2126b90e75409e2",588,114.34,"934702892.70"
"0008121eab7242e2bff6139777ce882d",366,135.68,"439795248.00"
"000a63efdea14de0b37f464c74ad6d8d",1055,322.60,"13487735577.75"
"08a89db25bd442df9d74b612cf606b6a",1343,354.40,"14702660724.57"
"08a9bfa36762476a99b565397a0c0745",480,116.35,"1649327760.70"
"08abe5b0546a4ccea40123f8e851a131",334,178.71,"2005349443.19"
"08ad0bd344bf477ea9003f6dead80890",118,58.19,"77613692.09"
"08ad58d9ad6b417ebe059f3b0db5f0bd",1218,258.37,"9271785466.89"
"08b08c2a575b4095be0618f68d764f00",473,118.85,"606738931.03"
"08b095643d06475e953e6869fe7a408e",1208,284.84,"14001333642.26"
"08b0e3355a7141b5b9871dd1b79eef70",143,83.35,"44020809.74"
"08b58f08a70f4a0bb1e9b5b2d322d4f9",927,290.89,"5826193688.61"
"08b71b7cc74547aeb552220487c8ddea",901,168.88,"6623977668.57"
"08b81f1028164ea8a7c6c154f9883845",688,220.10,"3797806193.91"
"08b94c80868e43baa3515fbb9c15b54b",929,189.26,"6245083246.23"
"08b95b04f2364fd1b8ba397f7852abc8",771,192.48,"2439185129.42"
"08bf31d551c748f38dc751aacb156185",596,132.46,"816453017.34"
"08c2432107fd4634af487b096f144f17",316,92.37,"2596447934.25"
"08c24385f58c4e98b42501a2d9fa2c08",1137,403.00,"19066814137.04"
"08c72eae610e46368bd7fb514040cd55",254,46.54,"129530881.31"
"08c743da1ca146a4908b15c5ebb8957e",871,349.99,"13917681228.10"
"08c7c9ca88a948cf847d7d313bd6091d",458,214.86,"291203208.14"
"08c7e1f6e19b4b6f962303b26ba4b6ad",610,167.70,"1032864780.83"
"08c8bb3a79674f7b866a2b1f216bc5be",377,143.17,"1611271863.77"
"08cfc9727ca04963885ff69ddbf68a08",229,102.74,"381342278.39"
"08d0d41506a24980ad927d7262d893bf",346,111.26,"1124101517.17"
"08d738767654455ca4f98fbd5d76e979",1256,338.73,"16652706757.45"
"08d97344ddd94cd68b5c770f85ed7c37",1354,351.82,"27485621171.38"
"08dbfa9be6954f8fb00fe67d43a54064",981,297.62,"16846852270.89"
"08de3f58dd69491e988949b90a1c9305",586,263.60,"3328692000.16"
"08dfe38e2ab04652b147c1284d8c0912",1433,413.37,"24475216123.56"
"08e23a62a5ea498a9d9744d1cc999a8e",1037,280.59,"9530358385.26"
"08e2c9deb5db49f1a87845a10698e576",612,229.74,"2877766939.14"
"08e5dabe235b47959c7f533e814d289b",933,202.08,"4871865044.34"
"08e691aa7b724c4d95001f2318346192",1395,401.68,"22984082217.89"
"08e78ffdaf0147c9a4053a77eba0e701",621,202.78,"2506528281.52"
"08e94c2c69cf46ac827be10b1cff243c",462,127.31,"332340570.49"
"08e9838d27ab47788de82045b3f85589",1409,220.93,"18053382745.69"
"08eb7c3dc4814459b652f91ba01b4139",1204,315.68,"13608582047.94"
"08ee3ddcd13d45c1b5528736d7ef00c7",638,235.78,"2147934926.12"
"08eed5b72796442694f48f227ad5e2be",748,204.58,"1686928140.45"
"08efb9c047f24b6b8b758590ac18f9a1",624,166.99,"1459101721.49"
"08f3c411c55a4aa385f67d4fdba91326",735,223.81,"6176008635.31"
"08f8938286ee4f10b6749e489513ed9d",304,86.47,"815601465.93"
"08f960d75f864b929a6d05317fbd4522",1606,372.84,"23613174238.48"
"08fbd457bda94aab8e181f406db3f0cf",944,306.24,"5580855298.14"
"08fdb762a3bb4191b47328405f8ac9eb",615,221.88,"13393929426.69"
"08fefc2fab00456b9a02843faabf4696",1387,312.48,"18256937649.82"
"09049c68ddc94eb8a11af2f711261706",507,91.51,"910591402.63"
"0904c108424e4c19aece0126471987b5",1002,282.44,"12184392740.48"
"0905ca98e2ec4c8bafabc5de078bf64e",136,67.14,"548846808.49"
"0905fdb08f9441a289a276f902596c64",949,233.09,"7188920576.07"
"090636102d9a42c2abbeef9add83f781",827,257.48,"669654355.64"
"0907e5e682604f5b92885f10f866378f",1371,376.52,"47949540419.01"
"090a3a4222ed42ae8094586d03da63dc",1065,330.18,"13645584005.82"
"090abaaedef440989e4f10917c44034f",765,184.02,"5826536208.42"
"090f1402097c4d109b4dc67eb0b4a678",1243,290.41,"13654570578.47"
"091138ccf0a243329ea122a6cd150f25",647,243.72,"3244926924.78"
"0911d54a2bd34f80b0fbef6f343402d9",716,165.86,"1880526531.64"
"0911d5ca4b954b2ca455a611d9d7ea4a",471,173.76,"963217285.45"
"0914369965024034a6284e892f1923d5",436,131.95,"1071864067.55"
"0918e9d1b80644999c5f3e7defb8b1fa",587,198.38,"2375037946.29"
"0918f81f19b044c6aaf4ae3eaa7f23cc",679,210.83,"2917368736.40"
"0919fc3ca9054ea490967c7243ef316a",1362,394.12,"17477909771.19"
"091f8562e61f48549d6d840d3b18a4c1",586,145.34,"7518864190.13"
"091fb44bbacd4812a0cb1a734370d820",530,139.36,"2360239208.90"
"092024fe7e74489bbdb492017cd44a59",202,72.34,"371116705.71"
"09247a72943d487cb8e3ebb575b144a9",1287,304.97,"12261474779.89"
"092660506b324e73822fef2444beab26",1046,326.19,"12416206378.43"
"0927e0c037b245368d9a32f26ab232ca",687,184.57,"3379569845.89"
"0929180f834844afa4e031c517ff3b95",1521,391.59,"65378057553.81"
"0929613afd13421c826d199aafa117b8",263,131.15,"928797740.13"
"092c3834948048ff84230acb1e8ce170",290,131.67,"822251448.74"
"092f84753a954035a95cacf32ac096b4",752,237.22,"4468198416.48"
"092f90d3ac93401e9a41ffac4b1afbc9",368,108.73,"402362473.31"
"092faf602a314b51a487ef20b36392a0",670,174.49,"2594812637.57"
"09322a8ac19a4797845fc216ffd2e83d",1013,261.16,"9776253889.52"
"0932ec2df8f04276bdddcba03de0c058",905,248.33,"5694665028.70"
"0933d752900841a3a2b9438944d2598f",738,268.99,"6276286808.64"
"0938364394b54c15bb3b12cafa0247e0",851,218.99,"395360519.39"
"093c8d1274e44d448657d54380d73b88",478,94.80,"898674834.34"
"093dcece4520413faee40f81bb3e1553",368,88.14,"632279385.84"
"094042db7f7440e3878db80c8d0cbcf7",201,63.37,"99348865.48"
"0940e76c9e1f4d798a124c4fa923bca3",1334,323.13,"21077995078.84"
"0942c2682eef41f48ce17e6e6a746fd1",1362,382.55,"23604731482.77"
"0943c297778f4ee1ba5312f935fc5aa4",1073,302.04,"27297977744.23"
"0945299807464bd2ac955af78d73d4cf",383,142.82,"2460441643.23"
"09462ab64dbb48f1b5f6d0a714455d7d",132,102.46,"206638300.64"
"094637b874b242fd9500c33530796f93",494,220.23,"966744120.52"
"094b2b88da514b259596c9dae15457c5",1068,361.25,"9681811739.98"
"094bc3d9f1b4492c9d2747c10f9758a0",1495,394.64,"40527249515.61"
"094ca061533141ca930fd4b9e134ba0c",508,157.97,"2993333980.56"
"094cf7df86e541dbb0a72806b32812e7",113,42.67,"63668180.53"
"094d71c532334a269415ddf53ea806d4",991,325.79,"8231110716.07"
"094ebdff217e4b28bd8449ef98d8e4c5",902,276.72,"6583481527.82"
"0954bdd8655743b1ad49ccc0a235af9c",1638,375.73,"78503312360.05"
"09559d2ca92745779d856918a5a3dbb7",778,248.21,"4182956871.72"
"0956c93f091545d7a1f9a679cbe91d2d",1528,324.36,"32672407102.98"
"0957a21f909b44668b99989a6057bd72",1580,349.53,"33055115729.43"
"0959747d0a294bef8b363ae70c16edc6",240,137.64,"697835465.99"
"095cc96b2a2e4786b709a932083af1db",1463,302.65,"11280523210.44"
"096102643517462d95168e244e110afe",1252,372.29,"15725401687.50"
"0961a40240014f0b8feb79d6b32c93fc",444,190.86,"1377970968.59"
"096279ab7f5f41da8a6c1b75442f5d5c",863,202.00,"3645472981.52"
"096409cf8fce4b919ee1b8fe36bcdd26",1154,201.40,"1714619842.34"
"0968986aff9042c198ab1adadd5f183a",1176,331.29,"27481197981.29"
"096905e4cb2b409198ab0fdf70d0c906",778,231.03,"21052053114.14"
"096a0b1204ca4e91810c1010338e27cf",1487,367.63,"33587430736.16"
"096b4f9eea7b42b3a7ca69e3824b4e1d",50,67.11,"229415149.44"
"096d551044774c89b9258e9596a25217",787,206.45,"5667533283.91"
"096e39f5f521466d92b09de1f767a595",735,297.41,"5550745023.09"
"097258a562ff43dd888f3d8089ef3299",666,251.53,"2522216891.66"
"0972777ee09e49119f28eabfab1acba2",586,172.76,"3528930849.64"
"0973a5f2b23e467b9ebd63b388184df4",39,26.95,"37240104.37"
"09748fb215f3440f9b98b8b091a4d44f",766,225.15,"3418725058.36"
"09756123fdbe40568c0c011849e90a25",1342,309.46,"17725069970.93"
"0976cc28004b4a1a8fe99e2e62de1af0",237,102.27,"524397939.04"
"09770ec205a24a429a07873321676964",691,250.18,"2118851835.27"
"0977bf10a24849ddb963155ed964b5f7",383,96.13,"569229083.74"
"097801ad430c43ad9f5c39a68dc0bb1b",778,276.99,"4058394528.52"
"09788efc9ab94892a8dc0095ae3b8822",403,95.97,"768680315.31"
"0979b958fb454f53bbf4060a8fe5929b",786,245.64,"82929847976.47"
"097db828f3ce46849ca8d967e8b7e467",1712,461.31,"130954518714.88"
"097debeed27a49c99ef01aa373ec55e8",191,71.16,"112895706.71"
"098004460acc42478ab88cb9112342dd",1322,257.28,"14394843338.18"
"098397dee05e46da86ae7cdd3e01adcb",1399,348.33,"20347247674.75"
"09858896226d474d8cbf4316de54d116",621,116.50,"1998524768.68"
"0985927af4f04084911348173f631834",766,168.04,"5942233230.76"
"09864ffe895a4ce19d2f9c82057e39fa",1687,446.79,"47538285689.65"
"098939fd5cd44ba691853b9af9dd7631",1158,403.96,"31349023673.17"
"098c8bfd9e36441e82deef7f37058485",1313,361.06,"24414555143.05"
"098d8c9ecf274fa29d32fdee13f00869",967,239.70,"6444314185.66"
"098de758098a476c9c7c6f8888970735",1384,394.71,"38051222477.18"
"098f419c7cc148a5adcd30321a5f203a",283,65.98,"261716331.26"
"098fa55d11b9475a8ac795016840bc68",664,218.95,"3496574101.64"
"0991274eea9c4c2e8d579e3ad4d80433",651,263.56,"6275767738.30"
"0993ce24e5134a76a84ea714bc4e19a2",317,87.57,"186689591.51"
"0995296bd9124c06ae08baa8f2249e5b",634,136.22,"1194075393.44"
"09989e0e2d574d21bde281b260d8c313",1338,314.13,"15797948541.53"
"099ba029782046d9a8fcf150ebea5942",525,153.54,"4095850413.18"
"09a0d88f54104b4dae03b3509d265fe5",804,347.76,"18062146504.21"
"09a15ff1deea48b2a5e956a52d496957",569,181.45,"2311867109.61"
"09a30e3c86da40e397081f991828c40b",1073,289.44,"9311072738.01"
"09a7a384ccb24552985a99faed97fc55",905,245.74,"7136986140.13"
"09a7d18030a34b9997f5b4226802c505",803,226.48,"3198086080.27"
"09a7e4706cd7441a8656e3e00881cf5d",833,212.32,"3006735279.76"
"09a966b64f964e90b540af1f8381b329",1216,304.20,"32602768765.84"
"09a9f56cefca492683044f8c0b8195ff",519,138.94,"603824943.32"
"09abd18320cf4d42ba626c4c2f4ffed8",49,44.47,"90363230.68"
"09af08251a394523ba06bda83ed3f5b5",893,188.35,"3945194897.90"
"09b10e8140aa4e6eb18640f5eae2994c",714,268.02,"9034899397.72"
"09b47fdb9e9546848b54e1df8c7b7f9f",587,148.25,"1072202708.49"
"09bcf895578a41e491a3c87741dfdcc9",788,305.12,"4974513435.43"
"09bdaa165a1c47658aef1ccd21b9cf45",1757,469.44,"131428441838.65"
"09bddfa1ee3b48f3a8cb21b2dc122be9",594,291.88,"3571697400.52"
"09bded858a2f4dfca4e1d66c1eb9257a",1275,307.32,"13603687885.19"
"09be3364d05945dd9e791099b46c453b",358,94.34,"580138125.14"
"09be35da91124f7084bb8bbe5099cf38",1316,289.25,"11592379499.90"
"09bed800439048d4a1345ead0f9eda2b",588,157.16,"6604626894.74"
"09c0d4d7b0ee41e69fb2ae13d3d55a5b",989,255.87,"7581158153.67"
"09c4ffa2f5d6427d801716088c6f1739",384,109.80,"350959045.93"
"09c5931b68084c21b5b63d5335be4ecf",1372,315.59,"21740537113.13"
"09c85b33580f449797dee789d2a3562e",809,258.49,"8916645479.73"
"09c8bf6e62f643b49ac3fa22f507c72e",1243,323.41,"204124662597.29"
"09c93197f7ef4424a70fbce36e908edd",514,127.64,"1206507941.69"
"09c974d94a714719b29fa14a76695873",398,137.98,"2892179534.25"
"09c9f5fb234a4f61af28146e5eab6eaa",683,228.92,"4914747256.38"
"09ca85e27d0f41f09750522a1df498d1",331,133.01,"1343409041.73"
"09cb7978eddf448db90555e4ebb6f2d8",362,102.69,"151590213.58"
"09cd5426ca6b4973b6d0527b8e88ca7e",641,132.37,"1194412347.50"
"09d040a564ed46bab6df0cfa908357b7",1467,324.33,"7708411204.37"
"09d4daeaa1f3480ca10043dde9c38fa9",1246,266.26,"10599675839.33"
"09d641858d5e4777b69bb2be303dbc56",627,195.94,"1550735845.24"
"09e0aa74508a41ef847c4c2a8187f22e",939,210.81,"8977747031.96"
"09e20bb2ee524c7bb97ab4b5d8dfdda6",642,168.56,"627031509.62"
"09e2ae62438245d382862a0b1828da84",831,277.85,"8409049207.86"
"09e76b2e9f9441cf923b47ef9247a4e1",1411,331.17,"17038548373.21"
"09e807031775452f80d2874b8b0f5014",1275,373.11,"14395016588.24"
"09e99b164b064076bfa49fccd9370b76",1352,342.42,"15669557796.48"
"09eb8f91901d45d88e4633e778878cbe",546,184.97,"891197528.37"
"09ed393ace6f4373b6780a6d484ca2b9",1425,259.48,"27211923406.70"
"09f0562b338d4f369e7579d62047f05c",663,276.61,"6455642484.25"
"09f08a810e2b4222a146b4be720d0a7f",1305,281.23,"46095889153.42"
"09f29eb6ffc845cb8cf6d25f38b22371",1099,238.74,"7018921921.65"
"09f45f2893054b17b673cc02eac00fb8",1162,297.36,"7741761142.49"
"09f4fbaa7f6b4d30950dcec49f21bbcc",1443,302.99,"23080833446.62"
"09f60d94b6d74fe5847f48aaf9cf8771",1348,318.87,"20917977230.21"
"09f86a4d400f4e3fb4f3ef9aaf2caa28",647,239.18,"3292382921.15"
"09f94197d0b148caa7320ce1cbdd2685",802,319.42,"11718927489.10"
"09fac5f681d74bbb99c72e963b75a2a6",44,67.00,"1475256053.70"
"09fb78da82a0431fa0fd9830aa6409b3",40,27.30,"58089295.00"
"0a0071a586e6476395474de9152efc18",973,320.92,"6842248331.91"
"0a0105dbef684991a2280ad9aa395c0d",1736,416.03,"43512878317.18"
"0a01687ad2454ca48c6b12b4fd438966",502,140.90,"991361635.34"
"0a05b305651c4a72af9aa3a7442f8b17",1669,408.34,"41463717484.97"
"0a090c64bc644b44bc9082ed03f1a56b",1009,213.17,"5371055544.57"
"0a0bae461de14f2faf1c1233f8c09d83",259,122.04,"611640464.70"
"0a0d60c3a9254880b426b23c7a198ed4",483,140.20,"2875237633.73"
"0a12e23ae9474c94bcad5e2a10cc2377",1081,252.19,"5880378401.23"
"0a16b51dbef84d2fb3bcfaa55508ca42",518,175.39,"113633389.67"
"0a1a5b191ddd4365b481f92570b7f5a9",335,98.34,"518328282.30"
"0a1ab820a51b48c68d115efd5a09e88a",184,65.31,"134554830.67"
"0a1f995c89164450b8767aa39a847094",1351,372.43,"18523826751.96"
"0a2087ee8b954b24aac3c7251245f9f3",994,299.40,"9745338971.54"
"0a20d0cfec1f42b6a9d9f5611efe4d9d",1283,404.49,"27345012754.62"
"0a2376d8107f4a69b8f23d59e3132ba1",503,98.43,"759120294.23"
"0a2383c364c649159a8e643e8fcc9bbd",1002,275.83,"7487459720.58"
"0a25c78e9de3410ebe9fba1fc8409b0e",554,154.93,"6812972321.05"
"0a27a3e5c3ac45c9b02de508a5a166b5",733,199.03,"5863671988.84"
"0a28bf0801444f54bdd8c400e40e5ed4",497,154.72,"3387463868.51"
"0a29e1c0f64e4701aff6282f2f201840",347,126.26,"621314238.29"
"0a2b4289a0f14db4928046f2ed644b38",1174,331.46,"14632622022.83"
"0a2d0e33f39c4f2e87d3cabbaa00cef7",463,120.81,"2429192422.62"
"0a2e8bab42f24a66bb67ae988cf3c3af",974,252.30,"8904830588.01"
"0a30721907994732a50f3def0eb915c3",260,126.67,"1251051603.05"
"0a344a397c684d9b90a81daa04093e08",592,190.92,"1558421798.07"
"0a37090453b1471e9ef81f3a8ee9f7a9",721,197.52,"7201252891.53"
"0a3c119b19a440f78041d97f9102fa83",619,186.42,"7982701209.79"
"0a3e4f3c1e034aaeb62e8c64e8f1c70f",743,202.14,"4435508435.57"
"0a3e7efc5bb3461eb18f47a64e4d9721",1432,409.55,"19155679438.22"
"0a4043a7eb9d4689bb6e72f5860f5db9",809,207.73,"5404467211.16"
"0a4181c9bf9f447694236a38d196d15d",943,333.01,"4826573991.88"
